OBJECTID,Shape,ID_ARCs_Master,From_ID_Master_Node,To_ID_Master_Node,Shape_Length,Definition,Infra_From,Infra_To,Name,Type,Diameters(0 for pumps),Comm_Capacity,Power_Capacity,TER_Capacity,Waste_Capacity,Water_Capacity,Census_Tract,Flood_Area_ID,Function_Expected,Function_BestCase,Function_WorstCase,Install_Time_PF,Install_Time_NF
4924,Circular,2746,9000,9500,3111.863062,Waste_Main_Pipe,Wastewater,Wastewater,Waste_Main_Pipe_1,Wastewater pipe,10,0,0,0,5000,0,1042,,,,,2,3
4925,Circular,2747,9500,9501,3342.650188,Waste_Main_Pipe,Wastewater,Wastewater,Waste_Main_Pipe_2,Wastewater pipe,10,0,0,0,5000,0,1042,,,,,2,3
4926,Circular,2748,9126,9500,2197.194193,Waste_Main_Pipe,Wastewater,Wastewater,Waste_Main_Pipe_3,Wastewater pump,0,0,0,0,5000,0,1042,,,,,2,3
4927,Circular,2749,9500,9125,2320.969489,Waste_Main_Pipe,Wastewater,Wastewater,Waste_Main_Pipe_4,Wastewater pipe,10,0,0,0,5000,0,1042,,,,,2,3
4928,Circular,2750,9501,9124,2114.411816,Waste_Main_Pipe,Wastewater,Wastewater,Waste_Main_Pipe_5,Wastewater pipe,10,0,0,0,5000,0,1041,,,,,2,3
4929,Circular,2751,9501,9123,5053.493482,Waste_Main_Pipe,Wastewater,Wastewater,Waste_Main_Pipe_6,Wastewater pipe,10,0,0,0,5000,0,1041,,,,,2,3
4930,Circular,2752,9000,9502,8019.68372,Waste_Main_Pipe,Wastewater,Wastewater,Waste_Main_Pipe_7,Wastewater pipe,10,0,0,0,5000,0,1042,,,,,2,3
4931,Circular,2753,9127,9502,2378.809109,Waste_Main_Pipe,Wastewater,Wastewater,Waste_Main_Pipe_8,Wastewater pump,0,0,0,0,5000,0,1042,,,,,2,3
4932,Circular,2754,9502,9128,2265.342261,Waste_Main_Pipe,Wastewater,Wastewater,Waste_Main_Pipe_9,Wastewater pipe,10,0,0,0,5000,0,1042,,,,,2,3
4933,Circular,2755,9502,9503,6816.132927,Waste_Main_Pipe,Wastewater,Wastewater,Waste_Main_Pipe_10,Wastewater pipe,10,0,0,0,5000,0,1042,,,,,2,3
4934,Circular,2756,9129,9503,1248.611385,Waste_Main_Pipe,Wastewater,Wastewater,Waste_Main_Pipe_11,Wastewater pump,0,0,0,0,5000,0,1042,,,,,2,3
4935,Circular,2757,9130,9503,5735.640188,Waste_Main_Pipe,Wastewater,Wastewater,Waste_Main_Pipe_12,Wastewater pump,0,0,0,0,5000,0,1044,,,,,2,3
4936,Circular,2758,9503,9504,10294.77835,Waste_Main_Pipe,Wastewater,Wastewater,Waste_Main_Pipe_13,Wastewater pipe,10,0,0,0,5000,0,1044,,,,,2,3
4937,Circular,2759,9504,9131,1657.066003,Waste_Main_Pipe,Wastewater,Wastewater,Waste_Main_Pipe_14,Wastewater pipe,10,0,0,0,5000,0,1044,,,,,2,3
4938,Circular,2760,9007,9506,7200.27461,Waste_Main_Pipe,Wastewater,Wastewater,Waste_Main_Pipe_15,Wastewater pipe,10,0,0,0,5000,0,1065,,,,,2,3
4939,Circular,2761,9007,9505,10121.65768,Waste_Main_Pipe,Wastewater,Wastewater,Waste_Main_Pipe_16,Wastewater pipe,10,0,0,0,5000,0,1065,,,,,2,3
4940,Circular,2762,9100,9506,2950.494611,Waste_Main_Pipe,Wastewater,Wastewater,Waste_Main_Pipe_17,Wastewater pump,0,0,0,0,5000,0,1065,,,,,2,3
4941,Circular,2763,9507,9506,15503.77218,Waste_Main_Pipe,Wastewater,Wastewater,Waste_Main_Pipe_18,Wastewater pipe,10,0,0,0,5000,0,1065,,,,,2,3
4942,Circular,2764,9101,9505,2965.941954,Waste_Main_Pipe,Wastewater,Wastewater,Waste_Main_Pipe_19,Wastewater pump,0,0,0,0,5000,0,1065,,,,,2,3
4943,Circular,2765,9510,9505,21408.6164,Waste_Main_Pipe,Wastewater,Wastewater,Waste_Main_Pipe_20,Wastewater pipe,10,0,0,0,5000,0,1064,,,,,2,3
4944,Circular,2766,9514,9510,20507.56988,Waste_Main_Pipe,Wastewater,Wastewater,Waste_Main_Pipe_21,Wastewater pump,0,0,0,0,5000,0,1064,,,,,2,3
4945,Circular,2767,9507,9121,2969.889194,Waste_Main_Pipe,Wastewater,Wastewater,Waste_Main_Pipe_22,Wastewater pipe,10,0,0,0,5000,0,1065,,,,,2,3
4946,Circular,2768,9510,9102,7145.287584,Waste_Main_Pipe,Wastewater,Wastewater,Waste_Main_Pipe_23,Wastewater pipe,10,0,0,0,5000,0,1064,,,,,2,3
4947,Circular,2769,9313,9510,6520.724744,Waste_Main_Pipe,Wastewater,Wastewater,Waste_Main_Pipe_24,Wastewater pump,0,0,0,0,5000,0,1064,,,,,2,3
4948,Circular,2770,9508,9507,8574.088248,Waste_Main_Pipe,Wastewater,Wastewater,Waste_Main_Pipe_25,Wastewater pipe,10,0,0,0,5000,0,1065,,,,,2,3
4949,Circular,2771,9105,9508,5614.66314,Waste_Main_Pipe,Wastewater,Wastewater,Waste_Main_Pipe_26,Wastewater pump,0,0,0,0,5000,0,1064,,,,,2,3
4950,Circular,2772,9508,9106,5754.054585,Waste_Main_Pipe,Wastewater,Wastewater,Waste_Main_Pipe_27,Wastewater pipe,10,0,0,0,5000,0,1057,,,,,2,3
4951,Circular,2773,9509,9508,12252.35607,Waste_Main_Pipe,Wastewater,Wastewater,Waste_Main_Pipe_28,Wastewater pipe,10,0,0,0,5000,0,1060,,,,,2,3
4952,Circular,2774,9107,9509,3386.539162,Waste_Main_Pipe,Wastewater,Wastewater,Waste_Main_Pipe_29,Wastewater pump,0,0,0,0,5000,0,1059,,,,,2,3
4953,Circular,2775,9511,9504,10119.05705,Waste_Main_Pipe,Wastewater,Wastewater,Waste_Main_Pipe_30,Wastewater pump,0,0,0,0,5000,0,1044,,,,,2,3
4954,Circular,2776,9509,9512,14487.6008,Waste_Main_Pipe,Wastewater,Wastewater,Waste_Main_Pipe_31,Wastewater pump,0,0,0,0,5000,0,1059,,,,,2,3
4955,Circular,2777,9513,9509,7338.319262,Waste_Main_Pipe,Wastewater,Wastewater,Waste_Main_Pipe_32,Wastewater pipe,10,0,0,0,5000,0,1059,,,,,2,3
4956,Circular,2778,9122,9512,3165.971225,Waste_Main_Pipe,Wastewater,Wastewater,Waste_Main_Pipe_33,Wastewater pump,0,0,0,0,5000,0,1058,,,,,2,3
4957,Circular,2779,9120,9512,7198.838153,Waste_Main_Pipe,Wastewater,Wastewater,Waste_Main_Pipe_34,Wastewater pump,0,0,0,0,5000,0,1058,,,,,2,3
4958,Circular,2780,9513,9119,4818.914493,Waste_Main_Pipe,Wastewater,Wastewater,Waste_Main_Pipe_35,Wastewater pipe,10,0,0,0,5000,0,1059,,,,,2,3
4959,Circular,2781,9314,9514,2611.319724,Waste_Main_Pipe,Wastewater,Wastewater,Waste_Main_Pipe_36,Wastewater pump,0,0,0,0,5000,0,1059,,,,,2,3
4960,Circular,2782,9001,9515,5059.692676,Waste_Main_Pipe,Wastewater,Wastewater,Waste_Main_Pipe_37,Wastewater pipe,10,0,0,0,5000,0,1043,,,,,2,3
4961,Circular,2783,9515,9518,5974.467734,Waste_Main_Pipe,Wastewater,Wastewater,Waste_Main_Pipe_38,Wastewater pipe,10,0,0,0,5000,0,1043,,,,,2,3
4962,Circular,2784,9515,9516,8739.109039,Waste_Main_Pipe,Wastewater,Wastewater,Waste_Main_Pipe_39,Wastewater pipe,10,0,0,0,5000,0,1043,,,,,2,3
4963,Circular,2785,9516,9517,9377.650055,Waste_Main_Pipe,Wastewater,Wastewater,Waste_Main_Pipe_40,Wastewater pipe,10,0,0,0,5000,0,1043,,,,,2,3
4964,Circular,2786,9515,9132,2123.882604,Waste_Main_Pipe,Wastewater,Wastewater,Waste_Main_Pipe_41,Wastewater pipe,10,0,0,0,5000,0,1043,,,,,2,3
4965,Circular,2787,9133,9518,5213.017573,Waste_Main_Pipe,Wastewater,Wastewater,Waste_Main_Pipe_42,Wastewater pipe,10,0,0,0,5000,0,1043,,,,,2,3
4966,Circular,2788,9134,9516,2264.239332,Waste_Main_Pipe,Wastewater,Wastewater,Waste_Main_Pipe_43,Wastewater pump,0,0,0,0,5000,0,1043,,,,,2,3
4967,Circular,2789,9135,9517,3484.890183,Waste_Main_Pipe,Wastewater,Wastewater,Waste_Main_Pipe_44,Wastewater pump,0,0,0,0,5000,0,1043,,,,,2,3
4968,Circular,2790,9001,9523,11273.48515,Waste_Main_Pipe,Wastewater,Wastewater,Waste_Main_Pipe_45,Wastewater pump,0,0,0,0,5000,0,1043,,,,,2,3
4969,Circular,2791,9136,9523,6108.331557,Waste_Main_Pipe,Wastewater,Wastewater,Waste_Main_Pipe_46,Wastewater pipe,10,0,0,0,5000,0,1043,,,,,2,3
4970,Circular,2792,9305,9523,4824.405553,Waste_Main_Pipe,Wastewater,Wastewater,Waste_Main_Pipe_47,Wastewater pipe,10,0,0,0,5000,0,1043,,,,,2,3
4971,Circular,2793,9001,9519,18095.01847,Waste_Main_Pipe,Wastewater,Wastewater,Waste_Main_Pipe_48,Wastewater pipe,10,0,0,0,5000,0,1043,,,,,2,3
4972,Circular,2794,9519,9138,5111.546698,Waste_Main_Pipe,Wastewater,Wastewater,Waste_Main_Pipe_49,Wastewater pipe,10,0,0,0,5000,0,1059,,,,,2,3
4973,Circular,2795,9520,9519,9732.309181,Waste_Main_Pipe,Wastewater,Wastewater,Waste_Main_Pipe_50,Wastewater pipe,10,0,0,0,5000,0,1059,,,,,2,3
4974,Circular,2796,9137,9520,7150.354071,Waste_Main_Pipe,Wastewater,Wastewater,Waste_Main_Pipe_51,Wastewater pump,0,0,0,0,5000,0,1047,,,,,2,3
4975,Circular,2797,9521,9520,15877.84683,Waste_Main_Pipe,Wastewater,Wastewater,Waste_Main_Pipe_52,Wastewater pipe,10,0,0,0,5000,0,1047,,,,,2,3
4976,Circular,2798,9522,9520,16160.19226,Waste_Main_Pipe,Wastewater,Wastewater,Waste_Main_Pipe_53,Wastewater pump,0,0,0,0,5000,0,1047,,,,,2,3
4977,Circular,2799,9139,9520,7978.628144,Waste_Main_Pipe,Wastewater,Wastewater,Waste_Main_Pipe_54,Wastewater pump,0,0,0,0,5000,0,1047,,,,,2,3
4978,Circular,2800,9141,9521,4404.45092,Waste_Main_Pipe,Wastewater,Wastewater,Waste_Main_Pipe_55,Wastewater pump,0,0,0,0,5000,0,1047,,,,,2,3
4979,Circular,2801,9140,9522,5972.796156,Waste_Main_Pipe,Wastewater,Wastewater,Waste_Main_Pipe_56,Wastewater pipe,10,0,0,0,5000,0,1047,,,,,2,3
4980,Circular,2802,9005,9524,7830.069338,Waste_Main_Pipe,Wastewater,Wastewater,Waste_Main_Pipe_57,Wastewater pipe,10,0,0,0,5000,0,1066,,,,,2,3
4981,Circular,2803,9005,9526,9064.91063,Waste_Main_Pipe,Wastewater,Wastewater,Waste_Main_Pipe_58,Wastewater pipe,10,0,0,0,5000,0,1047,,,,,2,3
4982,Circular,2804,9005,9528,11443.53588,Waste_Main_Pipe,Wastewater,Wastewater,Waste_Main_Pipe_59,Wastewater pipe,10,0,0,0,5000,0,1047,,,,,2,3
4983,Circular,2805,9526,9300,4144.662098,Waste_Main_Pipe,Wastewater,Wastewater,Waste_Main_Pipe_60,Wastewater pipe,10,0,0,0,5000,0,1047,,,,,2,3
4984,Circular,2806,9527,9526,10995.62774,Waste_Main_Pipe,Wastewater,Wastewater,Waste_Main_Pipe_61,Wastewater pipe,10,0,0,0,5000,0,1047,,,,,2,3
4985,Circular,2807,9527,9299,3582.935395,Waste_Main_Pipe,Wastewater,Wastewater,Waste_Main_Pipe_62,Wastewater pipe,10,0,0,0,5000,0,1047,,,,,2,3
4986,Circular,2808,9296,9524,3768.337931,Waste_Main_Pipe,Wastewater,Wastewater,Waste_Main_Pipe_63,Wastewater pipe,10,0,0,0,5000,0,1066,,,,,2,3
4987,Circular,2809,9524,9298,3781.389975,Waste_Main_Pipe,Wastewater,Wastewater,Waste_Main_Pipe_64,Wastewater pipe,10,0,0,0,5000,0,1066,,,,,2,3
4988,Circular,2810,9524,9525,13462.54713,Waste_Main_Pipe,Wastewater,Wastewater,Waste_Main_Pipe_65,Wastewater pipe,10,0,0,0,5000,0,1047,,,,,2,3
4989,Circular,2811,9297,9525,4867.231888,Waste_Main_Pipe,Wastewater,Wastewater,Waste_Main_Pipe_66,Wastewater pump,0,0,0,0,5000,0,1047,,,,,2,3
4990,Circular,2812,9525,9118,5165.934806,Waste_Main_Pipe,Wastewater,Wastewater,Waste_Main_Pipe_67,Wastewater pipe,10,0,0,0,5000,0,1047,,,,,2,3
4991,Circular,2813,9528,9301,3242.83771,Waste_Main_Pipe,Wastewater,Wastewater,Waste_Main_Pipe_68,Wastewater pipe,10,0,0,0,5000,0,1047,,,,,2,3
4992,Circular,2814,9529,9528,10534.16021,Waste_Main_Pipe,Wastewater,Wastewater,Waste_Main_Pipe_69,Wastewater pump,0,0,0,0,5000,0,1007,,,,,2,3
4993,Circular,2815,9529,9302,5216.60983,Waste_Main_Pipe,Wastewater,Wastewater,Waste_Main_Pipe_70,Wastewater pipe,10,0,0,0,5000,0,1007,,,,,2,3
4994,Circular,2816,9005,9531,6059.420123,Waste_Main_Pipe,Wastewater,Wastewater,Waste_Main_Pipe_71,Wastewater pump,0,0,0,0,5000,0,1066,,,,,2,3
4995,Circular,2817,9532,9531,7123.772464,Waste_Main_Pipe,Wastewater,Wastewater,Waste_Main_Pipe_72,Wastewater pipe,10,0,0,0,5000,0,1024,,,,,2,3
4996,Circular,2818,9535,9531,10594.80603,Waste_Main_Pipe,Wastewater,Wastewater,Waste_Main_Pipe_73,Wastewater pipe,10,0,0,0,5000,0,1073,,,,,2,3
4997,Circular,2819,9145,9531,2060.632261,Waste_Main_Pipe,Wastewater,Wastewater,Waste_Main_Pipe_74,Wastewater pump,0,0,0,0,5000,0,1073,,,,,2,3
4998,Circular,2820,9146,9532,2807.587478,Waste_Main_Pipe,Wastewater,Wastewater,Waste_Main_Pipe_75,Wastewater pump,0,0,0,0,5000,0,1024,,,,,2,3
4999,Circular,2821,9535,9144,4424.598191,Waste_Main_Pipe,Wastewater,Wastewater,Waste_Main_Pipe_76,Wastewater pipe,10,0,0,0,5000,0,1073,,,,,2,3
5000,Circular,2822,9536,9535,7007.240426,Waste_Main_Pipe,Wastewater,Wastewater,Waste_Main_Pipe_77,Wastewater pipe,10,0,0,0,5000,0,1073,,,,,2,3
5001,Circular,2823,9537,9536,9166.79376,Waste_Main_Pipe,Wastewater,Wastewater,Waste_Main_Pipe_78,Wastewater pipe,10,0,0,0,5000,0,1073,,,,,2,3
5002,Circular,2824,9536,9534,8418.226008,Waste_Main_Pipe,Wastewater,Wastewater,Waste_Main_Pipe_79,Wastewater pipe,10,0,0,0,5000,0,1010,,,,,2,3
5003,Circular,2825,9533,9534,7470.802891,Waste_Main_Pipe,Wastewater,Wastewater,Waste_Main_Pipe_80,Wastewater pump,0,0,0,0,5000,0,1010,,,,,2,3
5004,Circular,2826,9530,9534,10754.80171,Waste_Main_Pipe,Wastewater,Wastewater,Waste_Main_Pipe_81,Wastewater pump,0,0,0,0,5000,0,1010,,,,,2,3
5005,Circular,2827,9536,9150,6736.263902,Waste_Main_Pipe,Wastewater,Wastewater,Waste_Main_Pipe_82,Wastewater pipe,10,0,0,0,5000,0,1073,,,,,2,3
5006,Circular,2828,9151,9537,3998.868212,Waste_Main_Pipe,Wastewater,Wastewater,Waste_Main_Pipe_83,Wastewater pump,0,0,0,0,5000,0,1073,,,,,2,3
5007,Circular,2829,9162,9537,5326.394982,Waste_Main_Pipe,Wastewater,Wastewater,Waste_Main_Pipe_84,Wastewater pump,0,0,0,0,5000,0,1075,,,,,2,3
5008,Circular,2830,9152,9536,4467.11115,Waste_Main_Pipe,Wastewater,Wastewater,Waste_Main_Pipe_85,Wastewater pump,0,0,0,0,5000,0,1010,,,,,2,3
5009,Circular,2831,9153,9534,3348.501128,Waste_Main_Pipe,Wastewater,Wastewater,Waste_Main_Pipe_86,Wastewater pump,0,0,0,0,5000,0,1010,,,,,2,3
5010,Circular,2832,9155,9533,2721.799586,Waste_Main_Pipe,Wastewater,Wastewater,Waste_Main_Pipe_87,Wastewater pump,0,0,0,0,5000,0,1008,,,,,2,3
5011,Circular,2833,9530,9303,3804.334388,Waste_Main_Pipe,Wastewater,Wastewater,Waste_Main_Pipe_88,Wastewater pipe,10,0,0,0,5000,0,1008,,,,,2,3
5012,Circular,2834,9154,9530,3074.579987,Waste_Main_Pipe,Wastewater,Wastewater,Waste_Main_Pipe_89,Wastewater pump,0,0,0,0,5000,0,1008,,,,,2,3
5013,Circular,2835,9304,9530,4609.336793,Waste_Main_Pipe,Wastewater,Wastewater,Waste_Main_Pipe_90,Wastewater pump,0,0,0,0,5000,0,1008,,,,,2,3
5014,Circular,2836,9538,9532,8244.084382,Waste_Main_Pipe,Wastewater,Wastewater,Waste_Main_Pipe_91,Wastewater pipe,10,0,0,0,5000,0,1063,,,,,2,3
5015,Circular,2837,9540,9532,6201.366824,Waste_Main_Pipe,Wastewater,Wastewater,Waste_Main_Pipe_92,Wastewater pipe,10,0,0,0,5000,0,1063,,,,,2,3
5016,Circular,2838,9542,9540,5166.06944,Waste_Main_Pipe,Wastewater,Wastewater,Waste_Main_Pipe_93,Wastewater pipe,10,0,0,0,5000,0,1068,,,,,2,3
5017,Circular,2839,9541,9540,5275.243487,Waste_Main_Pipe,Wastewater,Wastewater,Waste_Main_Pipe_94,Wastewater pump,0,0,0,0,5000,0,1068,,,,,2,3
5018,Circular,2840,9539,9538,4449.59749,Waste_Main_Pipe,Wastewater,Wastewater,Waste_Main_Pipe_95,Wastewater pipe,10,0,0,0,5000,0,1067,,,,,2,3
5019,Circular,2841,9545,9539,3072.645093,Waste_Main_Pipe,Wastewater,Wastewater,Waste_Main_Pipe_96,Wastewater pipe,10,0,0,0,5000,0,1030,,,,,2,3
5020,Circular,2842,9543,9542,3900.984822,Waste_Main_Pipe,Wastewater,Wastewater,Waste_Main_Pipe_97,Wastewater pipe,10,0,0,0,5000,0,1050,,,,,2,3
5021,Circular,2843,9543,9544,2568.34186,Waste_Main_Pipe,Wastewater,Wastewater,Waste_Main_Pipe_98,Wastewater pipe,10,0,0,0,5000,0,1037,,,,,2,3
5022,Circular,2844,9546,9544,1458.228246,Waste_Main_Pipe,Wastewater,Wastewater,Waste_Main_Pipe_99,Wastewater pipe,10,0,0,0,5000,0,1048,,,,,2,3
5023,Circular,2845,9547,9546,2049.308821,Waste_Main_Pipe,Wastewater,Wastewater,Waste_Main_Pipe_100,Wastewater pipe,10,0,0,0,5000,0,1062,,,,,2,3
5024,Circular,2846,9548,9545,2547.827064,Waste_Main_Pipe,Wastewater,Wastewater,Waste_Main_Pipe_101,Wastewater pump,0,0,0,0,5000,0,1027,,,,,2,3
5025,Circular,2847,9549,9545,3082.437685,Waste_Main_Pipe,Wastewater,Wastewater,Waste_Main_Pipe_102,Wastewater pump,0,0,0,0,5000,0,1027,,,,,2,3
5026,Circular,2848,9550,9546,1923.327478,Waste_Main_Pipe,Wastewater,Wastewater,Waste_Main_Pipe_103,Wastewater pipe,10,0,0,0,5000,0,1062,,,,,2,3
5028,Circular,2849,9170,9549,702.5646368,Waste_Main_Pipe,Wastewater,Wastewater,Waste_Main_Pipe_104,Wastewater pump,0,0,0,0,5000,0,1029,,,,,2,3
5029,Circular,2850,9169,9548,1031.488444,Waste_Main_Pipe,Wastewater,Wastewater,Waste_Main_Pipe_105,Wastewater pipe,10,0,0,0,5000,0,1027,,,,,2,3
5030,Circular,2851,9174,9545,1192.806533,Waste_Main_Pipe,Wastewater,Wastewater,Waste_Main_Pipe_106,Wastewater pipe,10,0,0,0,5000,0,1027,,,,,2,3
5031,Circular,2852,9175,9547,1455.841964,Waste_Main_Pipe,Wastewater,Wastewater,Waste_Main_Pipe_107,Wastewater pump,0,0,0,0,5000,0,1062,,,,,2,3
5032,Circular,2853,9171,9546,1210.621336,Waste_Main_Pipe,Wastewater,Wastewater,Waste_Main_Pipe_108,Wastewater pipe,10,0,0,0,5000,0,1062,,,,,2,3
5033,Circular,2854,9178,9550,615.2025996,Waste_Main_Pipe,Wastewater,Wastewater,Waste_Main_Pipe_109,Wastewater pump,0,0,0,0,5000,0,1062,,,,,2,3
5034,Circular,2855,9550,9172,794.9357169,Waste_Main_Pipe,Wastewater,Wastewater,Waste_Main_Pipe_110,Wastewater pipe,10,0,0,0,5000,0,1062,,,,,2,3
5035,Circular,2856,9544,9173,1313.13467,Waste_Main_Pipe,Wastewater,Wastewater,Waste_Main_Pipe_111,Wastewater pipe,10,0,0,0,5000,0,1031,,,,,2,3
5036,Circular,2857,9545,9167,987.4500347,Waste_Main_Pipe,Wastewater,Wastewater,Waste_Main_Pipe_112,Wastewater pipe,10,0,0,0,5000,0,1031,,,,,2,3
5037,Circular,2858,9545,9168,1503.830607,Waste_Main_Pipe,Wastewater,Wastewater,Waste_Main_Pipe_113,Wastewater pipe,10,0,0,0,5000,0,1031,,,,,2,3
5038,Circular,2859,9176,9542,1741.304369,Waste_Main_Pipe,Wastewater,Wastewater,Waste_Main_Pipe_114,Wastewater pump,0,0,0,0,5000,0,1068,,,,,2,3
5039,Circular,2860,9177,9543,2042.620345,Waste_Main_Pipe,Wastewater,Wastewater,Waste_Main_Pipe_115,Wastewater pump,0,0,0,0,5000,0,1069,,,,,2,3
5040,Circular,2861,9149,9541,1544.292671,Waste_Main_Pipe,Wastewater,Wastewater,Waste_Main_Pipe_116,Wastewater pump,0,0,0,0,5000,0,1069,,,,,2,3
5041,Circular,2862,9538,9184,2139.385302,Waste_Main_Pipe,Wastewater,Wastewater,Waste_Main_Pipe_117,Wastewater pipe,10,0,0,0,5000,0,1056,,,,,2,3
5042,Circular,2863,9165,9538,2162.529885,Waste_Main_Pipe,Wastewater,Wastewater,Waste_Main_Pipe_118,Wastewater pipe,10,0,0,0,5000,0,1056,,,,,2,3
5043,Circular,2864,9166,9539,2204.063451,Waste_Main_Pipe,Wastewater,Wastewater,Waste_Main_Pipe_119,Wastewater pipe,10,0,0,0,5000,0,1034,,,,,2,3
5044,Circular,2865,9148,9540,1578.049622,Waste_Main_Pipe,Wastewater,Wastewater,Waste_Main_Pipe_120,Wastewater pump,0,0,0,0,5000,0,1063,,,,,2,3
5045,Circular,2866,9540,9147,2824.510678,Waste_Main_Pipe,Wastewater,Wastewater,Waste_Main_Pipe_121,Wastewater pipe,10,0,0,0,5000,0,1024,,,,,2,3
5046,Circular,2867,9556,9505,20576.86711,Waste_Main_Pipe,Wastewater,Wastewater,Waste_Main_Pipe_122,Wastewater pump,0,0,0,0,5000,0,1064,,,,,2,3
5047,Circular,2868,9557,9556,15993.63724,Waste_Main_Pipe,Wastewater,Wastewater,Waste_Main_Pipe_123,Wastewater pipe,10,0,0,0,5000,0,1045,,,,,2,3
5048,Circular,2869,9558,9557,13237.44105,Waste_Main_Pipe,Wastewater,Wastewater,Waste_Main_Pipe_124,Wastewater pump,0,0,0,0,5000,0,1045,,,,,2,3
5049,Circular,2870,9560,9558,10323.15789,Waste_Main_Pipe,Wastewater,Wastewater,Waste_Main_Pipe_125,Wastewater pipe,10,0,0,0,5000,0,1045,,,,,2,3
5050,Circular,2871,9559,9558,11229.67065,Waste_Main_Pipe,Wastewater,Wastewater,Waste_Main_Pipe_126,Wastewater pipe,10,0,0,0,5000,0,1045,,,,,2,3
5051,Circular,2872,9561,9560,11059.36964,Waste_Main_Pipe,Wastewater,Wastewater,Waste_Main_Pipe_127,Wastewater pump,0,0,0,0,5000,0,1045,,,,,2,3
5052,Circular,2873,9525,9551,13588.98491,Waste_Main_Pipe,Wastewater,Wastewater,Waste_Main_Pipe_128,Wastewater pipe,10,0,0,0,5000,0,1074,,,,,2,3
5053,Circular,2874,9551,9554,8116.996564,Waste_Main_Pipe,Wastewater,Wastewater,Waste_Main_Pipe_129,Wastewater pipe,10,0,0,0,5000,0,1074,,,,,2,3
5054,Circular,2875,9552,9551,9806.133044,Waste_Main_Pipe,Wastewater,Wastewater,Waste_Main_Pipe_130,Wastewater pipe,10,0,0,0,5000,0,1074,,,,,2,3
5055,Circular,2876,9552,9553,13123.80291,Waste_Main_Pipe,Wastewater,Wastewater,Waste_Main_Pipe_131,Wastewater pipe,10,0,0,0,5000,0,1046,,,,,2,3
5056,Circular,2877,9562,9554,15888.74191,Waste_Main_Pipe,Wastewater,Wastewater,Waste_Main_Pipe_132,Wastewater pipe,10,0,0,0,5000,0,1045,,,,,2,3
5057,Circular,2878,9555,9554,10574.80754,Waste_Main_Pipe,Wastewater,Wastewater,Waste_Main_Pipe_133,Wastewater pipe,10,0,0,0,5000,0,1074,,,,,2,3
5058,Circular,2879,9555,9563,16062.80102,Waste_Main_Pipe,Wastewater,Wastewater,Waste_Main_Pipe_134,Wastewater pipe,10,0,0,0,5000,0,1045,,,,,2,3
5059,Circular,2880,9556,9103,5749.05582,Waste_Main_Pipe,Wastewater,Wastewater,Waste_Main_Pipe_135,Wastewater pipe,10,0,0,0,5000,0,1045,,,,,2,3
5060,Circular,2881,9104,9556,5929.178782,Waste_Main_Pipe,Wastewater,Wastewater,Waste_Main_Pipe_136,Wastewater pump,0,0,0,0,5000,0,1045,,,,,2,3
5061,Circular,2882,9316,9557,5130.6833,Waste_Main_Pipe,Wastewater,Wastewater,Waste_Main_Pipe_137,Wastewater pump,0,0,0,0,5000,0,1045,,,,,2,3
5062,Circular,2883,9112,9558,4509.326121,Waste_Main_Pipe,Wastewater,Wastewater,Waste_Main_Pipe_138,Wastewater pump,0,0,0,0,5000,0,1045,,,,,2,3
5063,Circular,2884,9110,9558,5035.297426,Waste_Main_Pipe,Wastewater,Wastewater,Waste_Main_Pipe_139,Wastewater pump,0,0,0,0,5000,0,1045,,,,,2,3
5064,Circular,2885,9109,9560,3534.199039,Waste_Main_Pipe,Wastewater,Wastewater,Waste_Main_Pipe_140,Wastewater pump,0,0,0,0,5000,0,1045,,,,,2,3
5065,Circular,2886,9561,9108,4705.781192,Waste_Main_Pipe,Wastewater,Wastewater,Waste_Main_Pipe_141,Wastewater pipe,10,0,0,0,5000,0,1064,,,,,2,3
5066,Circular,2887,9116,9561,7759.297671,Waste_Main_Pipe,Wastewater,Wastewater,Waste_Main_Pipe_142,Wastewater pump,0,0,0,0,5000,0,1046,,,,,2,3
5067,Circular,2888,9559,9111,3261.576661,Waste_Main_Pipe,Wastewater,Wastewater,Waste_Main_Pipe_143,Wastewater pipe,10,0,0,0,5000,0,1045,,,,,2,3
5068,Circular,2889,9113,9559,3431.562534,Waste_Main_Pipe,Wastewater,Wastewater,Waste_Main_Pipe_144,Wastewater pump,0,0,0,0,5000,0,1045,,,,,2,3
5069,Circular,2890,9562,9114,3749.749061,Waste_Main_Pipe,Wastewater,Wastewater,Waste_Main_Pipe_145,Wastewater pipe,10,0,0,0,5000,0,1045,,,,,2,3
5070,Circular,2891,9563,9206,5583.921415,Waste_Main_Pipe,Wastewater,Wastewater,Waste_Main_Pipe_146,Wastewater pipe,10,0,0,0,5000,0,1045,,,,,2,3
5071,Circular,2892,9563,9208,7499.471689,Waste_Main_Pipe,Wastewater,Wastewater,Waste_Main_Pipe_147,Wastewater pipe,10,0,0,0,5000,0,1045,,,,,2,3
5072,Circular,2893,9207,9563,5068.887175,Waste_Main_Pipe,Wastewater,Wastewater,Waste_Main_Pipe_148,Wastewater pump,0,0,0,0,5000,0,1045,,,,,2,3
5073,Circular,2894,9143,9555,3633.238607,Waste_Main_Pipe,Wastewater,Wastewater,Waste_Main_Pipe_149,Wastewater pump,0,0,0,0,5000,0,1074,,,,,2,3
5074,Circular,2895,9317,9555,6949.25408,Waste_Main_Pipe,Wastewater,Wastewater,Waste_Main_Pipe_150,Wastewater pump,0,0,0,0,5000,0,1074,,,,,2,3
5075,Circular,2896,9142,9554,3998.436971,Waste_Main_Pipe,Wastewater,Wastewater,Waste_Main_Pipe_151,Wastewater pump,0,0,0,0,5000,0,1074,,,,,2,3
5076,Circular,2897,9115,9552,7925.129476,Waste_Main_Pipe,Wastewater,Wastewater,Waste_Main_Pipe_152,Wastewater pump,0,0,0,0,5000,0,1074,,,,,2,3
5077,Circular,2898,9552,9117,3862.754215,Waste_Main_Pipe,Wastewater,Wastewater,Waste_Main_Pipe_153,Wastewater pipe,10,0,0,0,5000,0,1046,,,,,2,3
5078,Circular,2899,9551,9311,4297.724509,Waste_Main_Pipe,Wastewater,Wastewater,Waste_Main_Pipe_154,Wastewater pipe,10,0,0,0,5000,0,1074,,,,,2,3
5079,Circular,2900,9553,9315,3854.636279,Waste_Main_Pipe,Wastewater,Wastewater,Waste_Main_Pipe_155,Wastewater pipe,10,0,0,0,5000,0,1046,,,,,2,3
5080,Circular,2901,9553,9312,7312.998027,Waste_Main_Pipe,Wastewater,Wastewater,Waste_Main_Pipe_156,Wastewater pipe,10,0,0,0,5000,0,1046,,,,,2,3
5081,Circular,2902,9564,9538,11819.11667,Waste_Main_Pipe,Wastewater,Wastewater,Waste_Main_Pipe_157,Wastewater pipe,10,0,0,0,5000,0,1067,,,,,2,3
5082,Circular,2903,9565,9564,7405.978077,Waste_Main_Pipe,Wastewater,Wastewater,Waste_Main_Pipe_158,Wastewater pipe,10,0,0,0,5000,0,1071,,,,,2,3
5083,Circular,2904,9569,9565,17230.28386,Waste_Main_Pipe,Wastewater,Wastewater,Waste_Main_Pipe_159,Wastewater pipe,10,0,0,0,5000,0,1055,,,,,2,3
5084,Circular,2905,9566,9565,17315.15251,Waste_Main_Pipe,Wastewater,Wastewater,Waste_Main_Pipe_160,Wastewater pipe,10,0,0,0,5000,0,1055,,,,,2,3
5085,Circular,2906,9567,9566,11720.24436,Waste_Main_Pipe,Wastewater,Wastewater,Waste_Main_Pipe_161,Wastewater pipe,10,0,0,0,5000,0,1072,,,,,2,3
5086,Circular,2907,9568,9566,12274.18639,Waste_Main_Pipe,Wastewater,Wastewater,Waste_Main_Pipe_162,Wastewater pipe,10,0,0,0,5000,0,1072,,,,,2,3
5087,Circular,2908,9569,9570,10804.98982,Waste_Main_Pipe,Wastewater,Wastewater,Waste_Main_Pipe_163,Wastewater pump,0,0,0,0,5000,0,1053,,,,,2,3
5088,Circular,2909,9181,9565,3869.573078,Waste_Main_Pipe,Wastewater,Wastewater,Waste_Main_Pipe_164,Wastewater pump,0,0,0,0,5000,0,1071,,,,,2,3
5089,Circular,2910,9565,9182,3639.128672,Waste_Main_Pipe,Wastewater,Wastewater,Waste_Main_Pipe_165,Wastewater pipe,10,0,0,0,5000,0,1070,,,,,2,3
5090,Circular,2911,9565,9183,3814.853189,Waste_Main_Pipe,Wastewater,Wastewater,Waste_Main_Pipe_166,Wastewater pipe,10,0,0,0,5000,0,1070,,,,,2,3
5091,Circular,2912,9205,9570,4099.254052,Waste_Main_Pipe,Wastewater,Wastewater,Waste_Main_Pipe_167,Wastewater pump,0,0,0,0,5000,0,1053,,,,,2,3
5092,Circular,2913,9204,9569,9139.152542,Waste_Main_Pipe,Wastewater,Wastewater,Waste_Main_Pipe_168,Wastewater pump,0,0,0,0,5000,0,1054,,,,,2,3
5093,Circular,2914,9320,9570,12429.29379,Waste_Main_Pipe,Wastewater,Wastewater,Waste_Main_Pipe_169,Wastewater pump,0,0,0,0,5000,0,1053,,,,,2,3
5094,Circular,2915,9566,9193,3810.973267,Waste_Main_Pipe,Wastewater,Wastewater,Waste_Main_Pipe_170,Wastewater pipe,10,0,0,0,5000,0,1055,,,,,2,3
5095,Circular,2916,9192,9566,3702.378534,Waste_Main_Pipe,Wastewater,Wastewater,Waste_Main_Pipe_171,Wastewater pump,0,0,0,0,5000,0,1072,,,,,2,3
5096,Circular,2917,9276,9568,3919.328846,Waste_Main_Pipe,Wastewater,Wastewater,Waste_Main_Pipe_172,Wastewater pump,0,0,0,0,5000,0,1072,,,,,2,3
5097,Circular,2918,9191,9567,4693.244045,Waste_Main_Pipe,Wastewater,Wastewater,Waste_Main_Pipe_173,Wastewater pump,0,0,0,0,5000,0,1072,,,,,2,3
5098,Circular,2919,9567,9318,10609.14981,Waste_Main_Pipe,Wastewater,Wastewater,Waste_Main_Pipe_174,Wastewater pipe,10,0,0,0,5000,0,1023,,,,,2,3
5099,Circular,2920,9572,9541,8649.673477,Waste_Main_Pipe,Wastewater,Wastewater,Waste_Main_Pipe_175,Wastewater pipe,10,0,0,0,5000,0,1069,,,,,2,3
5100,Circular,2921,9164,9572,2417.232882,Waste_Main_Pipe,Wastewater,Wastewater,Waste_Main_Pipe_176,Wastewater pump,0,0,0,0,5000,0,1069,,,,,2,3
5101,Circular,2922,9571,9537,12361.26235,Waste_Main_Pipe,Wastewater,Wastewater,Waste_Main_Pipe_177,Wastewater pipe,10,0,0,0,5000,0,1075,,,,,2,3
5102,Circular,2923,9571,9180,3755.387212,Waste_Main_Pipe,Wastewater,Wastewater,Waste_Main_Pipe_178,Wastewater pipe,10,0,0,0,5000,0,1075,,,,,2,3
5103,Circular,2924,9179,9571,3895.84547,Waste_Main_Pipe,Wastewater,Wastewater,Waste_Main_Pipe_179,Wastewater pump,0,0,0,0,5000,0,1075,,,,,2,3
5104,Circular,2925,9163,9571,4006.769028,Waste_Main_Pipe,Wastewater,Wastewater,Waste_Main_Pipe_180,Wastewater pump,0,0,0,0,5000,0,1075,,,,,2,3
5105,Circular,2926,9002,9573,11821.83079,Waste_Main_Pipe,Wastewater,Wastewater,Waste_Main_Pipe_181,Wastewater pipe,10,0,0,0,5000,0,1003,,,,,2,3
5106,Circular,2927,9573,9574,18318.41624,Waste_Main_Pipe,Wastewater,Wastewater,Waste_Main_Pipe_182,Wastewater pipe,10,0,0,0,5000,0,1011,,,,,2,3
5107,Circular,2928,9575,9574,14032.14356,Waste_Main_Pipe,Wastewater,Wastewater,Waste_Main_Pipe_183,Wastewater pump,0,0,0,0,5000,0,1011,,,,,2,3
5108,Circular,2929,9574,9576,14211.79099,Waste_Main_Pipe,Wastewater,Wastewater,Waste_Main_Pipe_184,Wastewater pipe,10,0,0,0,5000,0,1011,,,,,2,3
5109,Circular,2930,9576,9577,10778.34531,Waste_Main_Pipe,Wastewater,Wastewater,Waste_Main_Pipe_185,Wastewater pipe,10,0,0,0,5000,0,1009,,,,,2,3
5110,Circular,2931,9578,9577,14426.68227,Waste_Main_Pipe,Wastewater,Wastewater,Waste_Main_Pipe_186,Wastewater pipe,10,0,0,0,5000,0,1009,,,,,2,3
5111,Circular,2932,9578,9156,3120.572236,Waste_Main_Pipe,Wastewater,Wastewater,Waste_Main_Pipe_187,Wastewater pipe,10,0,0,0,5000,0,1009,,,,,2,3
5112,Circular,2933,9575,9157,4864.969833,Waste_Main_Pipe,Wastewater,Wastewater,Waste_Main_Pipe_188,Wastewater pipe,10,0,0,0,5000,0,1009,,,,,2,3
5113,Circular,2934,9577,9158,5658.318948,Waste_Main_Pipe,Wastewater,Wastewater,Waste_Main_Pipe_189,Wastewater pipe,10,0,0,0,5000,0,1009,,,,,2,3
5114,Circular,2935,9159,9577,4536.320493,Waste_Main_Pipe,Wastewater,Wastewater,Waste_Main_Pipe_190,Wastewater pump,0,0,0,0,5000,0,1009,,,,,2,3
5115,Circular,2936,9576,9306,5773.012459,Waste_Main_Pipe,Wastewater,Wastewater,Waste_Main_Pipe_191,Wastewater pipe,10,0,0,0,5000,0,1009,,,,,2,3
5116,Circular,2937,9160,9576,6984.652849,Waste_Main_Pipe,Wastewater,Wastewater,Waste_Main_Pipe_192,Wastewater pump,0,0,0,0,5000,0,1009,,,,,2,3
5117,Circular,2938,9574,9161,4763.115212,Waste_Main_Pipe,Wastewater,Wastewater,Waste_Main_Pipe_193,Wastewater pipe,10,0,0,0,5000,0,1011,,,,,2,3
5118,Circular,2939,9187,9574,5123.260309,Waste_Main_Pipe,Wastewater,Wastewater,Waste_Main_Pipe_194,Wastewater pump,0,0,0,0,5000,0,1011,,,,,2,3
5119,Circular,2940,9582,9573,13516.22214,Waste_Main_Pipe,Wastewater,Wastewater,Waste_Main_Pipe_195,Wastewater pipe,10,0,0,0,5000,0,1011,,,,,2,3
5120,Circular,2941,9579,9574,11455.87819,Waste_Main_Pipe,Wastewater,Wastewater,Waste_Main_Pipe_196,Wastewater pipe,10,0,0,0,5000,0,1023,,,,,2,3
5121,Circular,2942,9579,9580,14662.92911,Waste_Main_Pipe,Wastewater,Wastewater,Waste_Main_Pipe_197,Wastewater pipe,10,0,0,0,5000,0,1023,,,,,2,3
5122,Circular,2943,9581,9580,10385.1711,Waste_Main_Pipe,Wastewater,Wastewater,Waste_Main_Pipe_198,Wastewater pump,0,0,0,0,5000,0,1023,,,,,2,3
5123,Circular,2944,9587,9582,9018.418141,Waste_Main_Pipe,Wastewater,Wastewater,Waste_Main_Pipe_199,Wastewater pipe,10,0,0,0,5000,0,1021,,,,,2,3
5125,Circular,2945,9002,9583,12022.4418,Waste_Main_Pipe,Wastewater,Wastewater,Waste_Main_Pipe_200,Wastewater pipe,10,0,0,0,5000,0,1003,,,,,2,3
5126,Circular,2946,9002,9584,11697.37901,Waste_Main_Pipe,Wastewater,Wastewater,Waste_Main_Pipe_201,Wastewater pipe,10,0,0,0,5000,0,1003,,,,,2,3
5127,Circular,2947,9585,9584,9632.047281,Waste_Main_Pipe,Wastewater,Wastewater,Waste_Main_Pipe_202,Wastewater pipe,10,0,0,0,5000,0,1003,,,,,2,3
5128,Circular,2948,9586,9585,10745.41317,Waste_Main_Pipe,Wastewater,Wastewater,Waste_Main_Pipe_203,Wastewater pipe,10,0,0,0,5000,0,1003,,,,,2,3
5129,Circular,2949,9589,9585,21988.79394,Waste_Main_Pipe,Wastewater,Wastewater,Waste_Main_Pipe_204,Wastewater pump,0,0,0,0,5000,0,1003,,,,,2,3
5130,Circular,2950,9588,9587,13171.23112,Waste_Main_Pipe,Wastewater,Wastewater,Waste_Main_Pipe_205,Wastewater pipe,10,0,0,0,5000,0,1020,,,,,2,3
5131,Circular,2951,9584,9282,4491.392422,Waste_Main_Pipe,Wastewater,Wastewater,Waste_Main_Pipe_206,Wastewater pipe,10,0,0,0,5000,0,1003,,,,,2,3
5132,Circular,2952,9585,9288,4359.716032,Waste_Main_Pipe,Wastewater,Wastewater,Waste_Main_Pipe_207,Wastewater pipe,10,0,0,0,5000,0,1003,,,,,2,3
5133,Circular,2953,9586,9289,4257.762293,Waste_Main_Pipe,Wastewater,Wastewater,Waste_Main_Pipe_208,Wastewater pipe,10,0,0,0,5000,0,1003,,,,,2,3
5134,Circular,2954,9293,9589,6166.605,Waste_Main_Pipe,Wastewater,Wastewater,Waste_Main_Pipe_209,Wastewater pump,0,0,0,0,5000,0,1012,,,,,2,3
5135,Circular,2955,9294,9589,5437.02125,Waste_Main_Pipe,Wastewater,Wastewater,Waste_Main_Pipe_210,Wastewater pump,0,0,0,0,5000,0,1012,,,,,2,3
5136,Circular,2956,9281,9588,6063.176192,Waste_Main_Pipe,Wastewater,Wastewater,Waste_Main_Pipe_211,Wastewater pump,0,0,0,0,5000,0,1012,,,,,2,3
5137,Circular,2957,9588,9198,4983.754625,Waste_Main_Pipe,Wastewater,Wastewater,Waste_Main_Pipe_212,Wastewater pipe,10,0,0,0,5000,0,1020,,,,,2,3
5138,Circular,2958,9280,9587,6388.369396,Waste_Main_Pipe,Wastewater,Wastewater,Waste_Main_Pipe_213,Wastewater pump,0,0,0,0,5000,0,1020,,,,,2,3
5139,Circular,2959,9285,9587,5837.31825,Waste_Main_Pipe,Wastewater,Wastewater,Waste_Main_Pipe_214,Wastewater pump,0,0,0,0,5000,0,1021,,,,,2,3
5140,Circular,2960,9283,9583,4708.313627,Waste_Main_Pipe,Wastewater,Wastewater,Waste_Main_Pipe_215,Wastewater pump,0,0,0,0,5000,0,1003,,,,,2,3
5141,Circular,2961,9583,9185,5301.553692,Waste_Main_Pipe,Wastewater,Wastewater,Waste_Main_Pipe_216,Wastewater pipe,10,0,0,0,5000,0,1003,,,,,2,3
5142,Circular,2962,9573,9186,4368.53151,Waste_Main_Pipe,Wastewater,Wastewater,Waste_Main_Pipe_217,Wastewater pipe,10,0,0,0,5000,0,1011,,,,,2,3
5143,Circular,2963,9573,9284,5574.10424,Waste_Main_Pipe,Wastewater,Wastewater,Waste_Main_Pipe_218,Wastewater pipe,10,0,0,0,5000,0,1011,,,,,2,3
5144,Circular,2964,9582,9286,3932.576968,Waste_Main_Pipe,Wastewater,Wastewater,Waste_Main_Pipe_219,Wastewater pipe,10,0,0,0,5000,0,1021,,,,,2,3
5145,Circular,2965,9582,9279,5685.035937,Waste_Main_Pipe,Wastewater,Wastewater,Waste_Main_Pipe_220,Wastewater pipe,10,0,0,0,5000,0,1021,,,,,2,3
5146,Circular,2966,9287,9579,3705.551699,Waste_Main_Pipe,Wastewater,Wastewater,Waste_Main_Pipe_221,Wastewater pump,0,0,0,0,5000,0,1023,,,,,2,3
5147,Circular,2967,9579,9188,3266.77882,Waste_Main_Pipe,Wastewater,Wastewater,Waste_Main_Pipe_222,Wastewater pipe,10,0,0,0,5000,0,1023,,,,,2,3
5148,Circular,2968,9580,9580,7125.990627,Waste_Main_Pipe,Wastewater,Wastewater,Waste_Main_Pipe_223,Wastewater pump,0,0,0,0,5000,0,1023,,,,,2,3
5149,Circular,2969,9190,9580,6220.019373,Waste_Main_Pipe,Wastewater,Wastewater,Waste_Main_Pipe_224,Wastewater pump,0,0,0,0,5000,0,1023,,,,,2,3
5150,Circular,2970,9189,9580,11728.49643,Waste_Main_Pipe,Wastewater,Wastewater,Waste_Main_Pipe_225,Wastewater pump,0,0,0,0,5000,0,1023,,,,,2,3
5151,Circular,2971,9581,9277,4203.7677,Waste_Main_Pipe,Wastewater,Wastewater,Waste_Main_Pipe_226,Wastewater pipe,10,0,0,0,5000,0,1020,,,,,2,3
5152,Circular,2972,9216,9581,11314.06854,Waste_Main_Pipe,Wastewater,Wastewater,Waste_Main_Pipe_227,Wastewater pump,0,0,0,0,5000,0,1020,,,,,2,3
5153,Circular,2973,9006,9590,10900.40116,Waste_Main_Pipe,Wastewater,Wastewater,Waste_Main_Pipe_228,Wastewater pipe,10,0,0,0,5000,0,1014,,,,,2,3
5154,Circular,2974,9006,9592,11008.02156,Waste_Main_Pipe,Wastewater,Wastewater,Waste_Main_Pipe_229,Wastewater pipe,10,0,0,0,5000,0,1014,,,,,2,3
5155,Circular,2975,9006,9596,10366.39435,Waste_Main_Pipe,Wastewater,Wastewater,Waste_Main_Pipe_230,Wastewater pipe,10,0,0,0,5000,0,1014,,,,,2,3
5156,Circular,2976,9590,9591,10311.8383,Waste_Main_Pipe,Wastewater,Wastewater,Waste_Main_Pipe_231,Wastewater pump,0,0,0,0,5000,0,1054,,,,,2,3
5157,Circular,2977,9592,9593,10474.99959,Waste_Main_Pipe,Wastewater,Wastewater,Waste_Main_Pipe_232,Wastewater pipe,10,0,0,0,5000,0,1019,,,,,2,3
5158,Circular,2978,9594,9592,9836.997276,Waste_Main_Pipe,Wastewater,Wastewater,Waste_Main_Pipe_233,Wastewater pipe,10,0,0,0,5000,0,1019,,,,,2,3
5159,Circular,2979,9597,9596,8659.881302,Waste_Main_Pipe,Wastewater,Wastewater,Waste_Main_Pipe_234,Wastewater pipe,10,0,0,0,5000,0,1019,,,,,2,3
5160,Circular,2980,9598,9597,7295.727888,Waste_Main_Pipe,Wastewater,Wastewater,Waste_Main_Pipe_235,Wastewater pipe,10,0,0,0,5000,0,1019,,,,,2,3
5161,Circular,2981,9599,9597,13744.58066,Waste_Main_Pipe,Wastewater,Wastewater,Waste_Main_Pipe_236,Wastewater pipe,10,0,0,0,5000,0,1019,,,,,2,3
5162,Circular,2982,9595,9594,7628.010715,Waste_Main_Pipe,Wastewater,Wastewater,Waste_Main_Pipe_237,Wastewater pipe,10,0,0,0,5000,0,1019,,,,,2,3
5163,Circular,2983,9599,9600,12800.86081,Waste_Main_Pipe,Wastewater,Wastewater,Waste_Main_Pipe_238,Wastewater pump,0,0,0,0,5000,0,1020,,,,,2,3
5164,Circular,2984,9601,9599,8619.692411,Waste_Main_Pipe,Wastewater,Wastewater,Waste_Main_Pipe_239,Wastewater pipe,10,0,0,0,5000,0,1020,,,,,2,3
5165,Circular,2985,9602,9601,7485.85901,Waste_Main_Pipe,Wastewater,Wastewater,Waste_Main_Pipe_240,Wastewater pipe,10,0,0,0,5000,0,1018,,,,,2,3
5166,Circular,2986,9604,9601,12198.96685,Waste_Main_Pipe,Wastewater,Wastewater,Waste_Main_Pipe_241,Wastewater pipe,10,0,0,0,5000,0,1020,,,,,2,3
5167,Circular,2987,9603,9604,14699.6408,Waste_Main_Pipe,Wastewater,Wastewater,Waste_Main_Pipe_242,Wastewater pipe,10,0,0,0,5000,0,1012,,,,,2,3
5168,Circular,2988,9591,9203,5258.027513,Waste_Main_Pipe,Wastewater,Wastewater,Waste_Main_Pipe_243,Wastewater pipe,10,0,0,0,5000,0,1054,,,,,2,3
5169,Circular,2989,9202,9591,5741.23102,Waste_Main_Pipe,Wastewater,Wastewater,Waste_Main_Pipe_244,Wastewater pump,0,0,0,0,5000,0,1054,,,,,2,3
5170,Circular,2990,9201,9590,3046.685958,Waste_Main_Pipe,Wastewater,Wastewater,Waste_Main_Pipe_245,Wastewater pump,0,0,0,0,5000,0,1014,,,,,2,3
5171,Circular,2991,9209,9592,4828.750112,Waste_Main_Pipe,Wastewater,Wastewater,Waste_Main_Pipe_246,Wastewater pump,0,0,0,0,5000,0,1019,,,,,2,3
5172,Circular,2992,9211,9592,2155.857035,Waste_Main_Pipe,Wastewater,Wastewater,Waste_Main_Pipe_247,Wastewater pump,0,0,0,0,5000,0,1019,,,,,2,3
5173,Circular,2993,9278,9593,5464.343089,Waste_Main_Pipe,Wastewater,Wastewater,Waste_Main_Pipe_248,Wastewater pump,0,0,0,0,5000,0,1019,,,,,2,3
5174,Circular,2994,9594,9194,3007.798685,Waste_Main_Pipe,Wastewater,Wastewater,Waste_Main_Pipe_249,Wastewater pipe,10,0,0,0,5000,0,1019,,,,,2,3
5175,Circular,2995,9195,9594,5542.375024,Waste_Main_Pipe,Wastewater,Wastewater,Waste_Main_Pipe_250,Wastewater pipe,10,0,0,0,5000,0,1019,,,,,2,3
5176,Circular,2996,9196,9595,2772.334162,Waste_Main_Pipe,Wastewater,Wastewater,Waste_Main_Pipe_251,Wastewater pump,0,0,0,0,5000,0,1020,,,,,2,3
5177,Circular,2997,9600,9197,6731.0818,Waste_Main_Pipe,Wastewater,Wastewater,Waste_Main_Pipe_252,Wastewater pipe,10,0,0,0,5000,0,1020,,,,,2,3
5178,Circular,2998,9215,9600,3472.526593,Waste_Main_Pipe,Wastewater,Wastewater,Waste_Main_Pipe_253,Wastewater pump,0,0,0,0,5000,0,1020,,,,,2,3
5179,Circular,2999,9599,9214,4011.994304,Waste_Main_Pipe,Wastewater,Wastewater,Waste_Main_Pipe_254,Wastewater pipe,10,0,0,0,5000,0,1020,,,,,2,3
5180,Circular,3000,9601,9222,3323.171518,Waste_Main_Pipe,Wastewater,Wastewater,Waste_Main_Pipe_255,Wastewater pipe,10,0,0,0,5000,0,1020,,,,,2,3
5181,Circular,3001,9212,9598,3600.229918,Waste_Main_Pipe,Wastewater,Wastewater,Waste_Main_Pipe_256,Wastewater pump,0,0,0,0,5000,0,1019,,,,,2,3
5182,Circular,3002,9217,9598,9370.672168,Waste_Main_Pipe,Wastewater,Wastewater,Waste_Main_Pipe_257,Wastewater pump,0,0,0,0,5000,0,1019,,,,,2,3
5183,Circular,3003,9602,9213,4543.088519,Waste_Main_Pipe,Wastewater,Wastewater,Waste_Main_Pipe_258,Wastewater pipe,10,0,0,0,5000,0,1018,,,,,2,3
5184,Circular,3004,9220,9602,4166.498241,Waste_Main_Pipe,Wastewater,Wastewater,Waste_Main_Pipe_259,Wastewater pump,0,0,0,0,5000,0,1018,,,,,2,3
5185,Circular,3005,9219,9603,2899.983712,Waste_Main_Pipe,Wastewater,Wastewater,Waste_Main_Pipe_260,Wastewater pipe,10,0,0,0,5000,0,1018,,,,,2,3
5186,Circular,3006,9221,9604,3164.216805,Waste_Main_Pipe,Wastewater,Wastewater,Waste_Main_Pipe_261,Wastewater pump,0,0,0,0,5000,0,1012,,,,,2,3
5187,Circular,3007,9598,9210,3720.170313,Waste_Main_Pipe,Wastewater,Wastewater,Waste_Main_Pipe_262,Wastewater pipe,10,0,0,0,5000,0,1019,,,,,2,3
5188,Circular,3008,9606,9602,13781.36414,Waste_Main_Pipe,Wastewater,Wastewater,Waste_Main_Pipe_263,Wastewater pump,0,0,0,0,5000,0,1018,,,,,2,3
5189,Circular,3009,9607,9606,11286.75235,Waste_Main_Pipe,Wastewater,Wastewater,Waste_Main_Pipe_264,Wastewater pipe,10,0,0,0,5000,0,1016,,,,,2,3
5190,Circular,3010,9261,9606,2749.462932,Waste_Main_Pipe,Wastewater,Wastewater,Waste_Main_Pipe_265,Wastewater pump,0,0,0,0,5000,0,1018,,,,,2,3
5191,Circular,3011,9606,9218,2961.878994,Waste_Main_Pipe,Wastewater,Wastewater,Waste_Main_Pipe_266,Wastewater pipe,10,0,0,0,5000,0,1018,,,,,2,3
5192,Circular,3012,9607,9262,3247.735402,Waste_Main_Pipe,Wastewater,Wastewater,Waste_Main_Pipe_267,Wastewater pipe,10,0,0,0,5000,0,1016,,,,,2,3
5193,Circular,3013,9263,9607,8840.912514,Waste_Main_Pipe,Wastewater,Wastewater,Waste_Main_Pipe_268,Wastewater pipe,10,0,0,0,5000,0,1016,,,,,2,3
5194,Circular,3014,9605,9603,15256.38638,Waste_Main_Pipe,Wastewater,Wastewater,Waste_Main_Pipe_269,Wastewater pipe,10,0,0,0,5000,0,1018,,,,,2,3
5195,Circular,3015,9605,9270,6914.079499,Waste_Main_Pipe,Wastewater,Wastewater,Waste_Main_Pipe_270,Wastewater pipe,10,0,0,0,5000,0,1018,,,,,2,3
5196,Circular,3016,9269,9605,6921.631346,Waste_Main_Pipe,Wastewater,Wastewater,Waste_Main_Pipe_271,Wastewater pump,0,0,0,0,5000,0,1012,,,,,2,3
5197,Circular,3017,9003,9614,12659.75612,Waste_Main_Pipe,Wastewater,Wastewater,Waste_Main_Pipe_272,Wastewater pipe,10,0,0,0,5000,0,1003,,,,,2,3
5198,Circular,3018,9003,9608,8785.61286,Waste_Main_Pipe,Wastewater,Wastewater,Waste_Main_Pipe_273,Wastewater pipe,10,0,0,0,5000,0,1003,,,,,2,3
5199,Circular,3019,9003,9611,12526.08556,Waste_Main_Pipe,Wastewater,Wastewater,Waste_Main_Pipe_274,Wastewater pipe,10,0,0,0,5000,0,1003,,,,,2,3
5200,Circular,3020,9608,9609,13820.88422,Waste_Main_Pipe,Wastewater,Wastewater,Waste_Main_Pipe_275,Wastewater pipe,10,0,0,0,5000,0,1003,,,,,2,3
5201,Circular,3021,9609,9610,13135.34254,Waste_Main_Pipe,Wastewater,Wastewater,Waste_Main_Pipe_276,Wastewater pipe,10,0,0,0,5000,0,1003,,,,,2,3
5202,Circular,3022,9611,9612,13645.62302,Waste_Main_Pipe,Wastewater,Wastewater,Waste_Main_Pipe_277,Wastewater pipe,10,0,0,0,5000,0,1012,,,,,2,3
5203,Circular,3023,9612,9613,16350.06573,Waste_Main_Pipe,Wastewater,Wastewater,Waste_Main_Pipe_278,Wastewater pipe,10,0,0,0,5000,0,1012,,,,,2,3
5204,Circular,3024,9615,9614,13551.7851,Waste_Main_Pipe,Wastewater,Wastewater,Waste_Main_Pipe_279,Wastewater pipe,10,0,0,0,5000,0,1000,,,,,2,3
5205,Circular,3025,9617,9615,11458.05292,Waste_Main_Pipe,Wastewater,Wastewater,Waste_Main_Pipe_280,Wastewater pipe,10,0,0,0,5000,0,1000,,,,,2,3
5206,Circular,3026,9616,9615,8791.389042,Waste_Main_Pipe,Wastewater,Wastewater,Waste_Main_Pipe_281,Wastewater pipe,10,0,0,0,5000,0,1000,,,,,2,3
5207,Circular,3027,9618,9616,8834.190146,Waste_Main_Pipe,Wastewater,Wastewater,Waste_Main_Pipe_282,Wastewater pipe,10,0,0,0,5000,0,1006,,,,,2,3
5208,Circular,3028,9610,9290,3314.035252,Waste_Main_Pipe,Wastewater,Wastewater,Waste_Main_Pipe_283,Wastewater pipe,10,0,0,0,5000,0,1003,,,,,2,3
5209,Circular,3029,9609,9291,3305.86326,Waste_Main_Pipe,Wastewater,Wastewater,Waste_Main_Pipe_284,Wastewater pipe,10,0,0,0,5000,0,1003,,,,,2,3
5210,Circular,3030,9613,9271,6428.10018,Waste_Main_Pipe,Wastewater,Wastewater,Waste_Main_Pipe_285,Wastewater pipe,10,0,0,0,5000,0,1012,,,,,2,3
5211,Circular,3031,9292,9613,7723.017462,Waste_Main_Pipe,Wastewater,Wastewater,Waste_Main_Pipe_286,Wastewater pump,0,0,0,0,5000,0,1012,,,,,2,3
5212,Circular,3032,9272,9612,5265.617687,Waste_Main_Pipe,Wastewater,Wastewater,Waste_Main_Pipe_287,Wastewater pump,0,0,0,0,5000,0,1012,,,,,2,3
5213,Circular,3033,9268,9612,6030.489987,Waste_Main_Pipe,Wastewater,Wastewater,Waste_Main_Pipe_288,Wastewater pump,0,0,0,0,5000,0,1012,,,,,2,3
5214,Circular,3034,9274,9611,4535.556924,Waste_Main_Pipe,Wastewater,Wastewater,Waste_Main_Pipe_289,Wastewater pump,0,0,0,0,5000,0,1003,,,,,2,3
5215,Circular,3035,9608,9275,4288.507283,Waste_Main_Pipe,Wastewater,Wastewater,Waste_Main_Pipe_290,Wastewater pipe,10,0,0,0,5000,0,1003,,,,,2,3
5216,Circular,3036,9295,9608,3527.261363,Waste_Main_Pipe,Wastewater,Wastewater,Waste_Main_Pipe_291,Wastewater pump,0,0,0,0,5000,0,1003,,,,,2,3
5217,Circular,3037,9223,9614,5459.791669,Waste_Main_Pipe,Wastewater,Wastewater,Waste_Main_Pipe_292,Wastewater pump,0,0,0,0,5000,0,1000,,,,,2,3
5218,Circular,3038,9225,9615,8013.417659,Waste_Main_Pipe,Wastewater,Wastewater,Waste_Main_Pipe_293,Wastewater pump,0,0,0,0,5000,0,1000,,,,,2,3
5219,Circular,3039,9615,9224,3886.479714,Waste_Main_Pipe,Wastewater,Wastewater,Waste_Main_Pipe_294,Wastewater pipe,10,0,0,0,5000,0,1000,,,,,2,3
5220,Circular,3040,9226,9616,4429.305596,Waste_Main_Pipe,Wastewater,Wastewater,Waste_Main_Pipe_295,Wastewater pump,0,0,0,0,5000,0,1000,,,,,2,3
5221,Circular,3041,9617,9227,3753.875556,Waste_Main_Pipe,Wastewater,Wastewater,Waste_Main_Pipe_296,Wastewater pipe,10,0,0,0,5000,0,1000,,,,,2,3
5222,Circular,3042,9228,9617,6463.762182,Waste_Main_Pipe,Wastewater,Wastewater,Waste_Main_Pipe_297,Wastewater pump,0,0,0,0,5000,0,1002,,,,,2,3
5223,Circular,3043,9618,9266,3800.709239,Waste_Main_Pipe,Wastewater,Wastewater,Waste_Main_Pipe_298,Wastewater pipe,10,0,0,0,5000,0,1012,,,,,2,3
5224,Circular,3044,9229,9618,4680.631199,Waste_Main_Pipe,Wastewater,Wastewater,Waste_Main_Pipe_299,Wastewater pump,0,0,0,0,5000,0,1004,,,,,2,3
5225,Circular,3045,9004,9619,8420.878457,Waste_Main_Pipe,Wastewater,Wastewater,Waste_Main_Pipe_300,Wastewater pipe,10,0,0,0,5000,0,1032,,,,,2,3
5226,Circular,3046,9004,9623,9262.225801,Waste_Main_Pipe,Wastewater,Wastewater,Waste_Main_Pipe_301,Wastewater pipe,10,0,0,0,5000,0,1032,,,,,2,3
5227,Circular,3047,9623,9624,10173.13268,Waste_Main_Pipe,Wastewater,Wastewater,Waste_Main_Pipe_302,Wastewater pipe,10,0,0,0,5000,0,1013,,,,,2,3
5228,Circular,3048,9624,9625,8779.335424,Waste_Main_Pipe,Wastewater,Wastewater,Waste_Main_Pipe_303,Wastewater pipe,10,0,0,0,5000,0,1013,,,,,2,3
5229,Circular,3049,9624,9626,10466.61942,Waste_Main_Pipe,Wastewater,Wastewater,Waste_Main_Pipe_304,Wastewater pipe,10,0,0,0,5000,0,1013,,,,,2,3
5230,Circular,3050,9626,9627,8255.977565,Waste_Main_Pipe,Wastewater,Wastewater,Waste_Main_Pipe_305,Wastewater pipe,10,0,0,0,5000,0,1013,,,,,2,3
5231,Circular,3051,9626,9628,9573.963697,Waste_Main_Pipe,Wastewater,Wastewater,Waste_Main_Pipe_306,Wastewater pipe,10,0,0,0,5000,0,1013,,,,,2,3
5232,Circular,3052,9632,9628,10753.03948,Waste_Main_Pipe,Wastewater,Wastewater,Waste_Main_Pipe_307,Wastewater pipe,10,0,0,0,5000,0,1039,,,,,2,3
5233,Circular,3053,9632,9633,11430.9304,Waste_Main_Pipe,Wastewater,Wastewater,Waste_Main_Pipe_308,Wastewater pipe,10,0,0,0,5000,0,1039,,,,,2,3
5234,Circular,3054,9633,9635,9980.258466,Waste_Main_Pipe,Wastewater,Wastewater,Waste_Main_Pipe_309,Wastewater pipe,10,0,0,0,5000,0,1039,,,,,2,3
5235,Circular,3055,9636,9635,6759.92903,Waste_Main_Pipe,Wastewater,Wastewater,Waste_Main_Pipe_310,Wastewater pipe,10,0,0,0,5000,0,1018,,,,,2,3
5236,Circular,3056,9633,9634,4714.268596,Waste_Main_Pipe,Wastewater,Wastewater,Waste_Main_Pipe_311,Wastewater pump,0,0,0,0,5000,0,1039,,,,,2,3
5237,Circular,3057,9628,9631,11003.35759,Waste_Main_Pipe,Wastewater,Wastewater,Waste_Main_Pipe_312,Wastewater pump,0,0,0,0,5000,0,1039,,,,,2,3
5238,Circular,3058,9625,9629,16040.37337,Waste_Main_Pipe,Wastewater,Wastewater,Waste_Main_Pipe_313,Wastewater pipe,10,0,0,0,5000,0,1017,,,,,2,3
5239,Circular,3059,9629,9630,8162.07931,Waste_Main_Pipe,Wastewater,Wastewater,Waste_Main_Pipe_314,Wastewater pipe,10,0,0,0,5000,0,1038,,,,,2,3
5240,Circular,3060,9630,9637,10241.12295,Waste_Main_Pipe,Wastewater,Wastewater,Waste_Main_Pipe_315,Wastewater pipe,10,0,0,0,5000,0,1038,,,,,2,3
5241,Circular,3061,9637,9638,7533.473373,Waste_Main_Pipe,Wastewater,Wastewater,Waste_Main_Pipe_316,Wastewater pipe,10,0,0,0,5000,0,1038,,,,,2,3
5242,Circular,3062,9619,9620,9103.098356,Waste_Main_Pipe,Wastewater,Wastewater,Waste_Main_Pipe_317,Wastewater pipe,10,0,0,0,5000,0,1001,,,,,2,3
5243,Circular,3063,9620,9621,8743.606884,Waste_Main_Pipe,Wastewater,Wastewater,Waste_Main_Pipe_318,Wastewater pipe,10,0,0,0,5000,0,1001,,,,,2,3
5244,Circular,3064,9620,9622,10269.30626,Waste_Main_Pipe,Wastewater,Wastewater,Waste_Main_Pipe_319,Wastewater pipe,10,0,0,0,5000,0,1005,,,,,2,3
5245,Circular,3065,9636,9640,5634.047832,Waste_Main_Pipe,Wastewater,Wastewater,Waste_Main_Pipe_320,Wastewater pipe,10,0,0,0,5000,0,1038,,,,,2,3
5246,Circular,3066,9631,9639,7968.221462,Waste_Main_Pipe,Wastewater,Wastewater,Waste_Main_Pipe_321,Wastewater pipe,10,0,0,0,5000,0,1039,,,,,2,3
5250,Circular,3067,9619,9234,3199.34227,Waste_Main_Pipe,Wastewater,Wastewater,Waste_Main_Pipe_322,Wastewater pipe,10,0,0,0,5000,0,1032,,,,,2,3
5251,Circular,3068,9619,9235,3002.004407,Waste_Main_Pipe,Wastewater,Wastewater,Waste_Main_Pipe_323,Wastewater pipe,10,0,0,0,5000,0,1032,,,,,2,3
5252,Circular,3069,9620,9231,3578.640899,Waste_Main_Pipe,Wastewater,Wastewater,Waste_Main_Pipe_324,Wastewater pipe,10,0,0,0,5000,0,1005,,,,,2,3
5253,Circular,3070,9230,9621,5195.250428,Waste_Main_Pipe,Wastewater,Wastewater,Waste_Main_Pipe_325,Wastewater pump,0,0,0,0,5000,0,1001,,,,,2,3
5254,Circular,3071,9232,9622,7034.472923,Waste_Main_Pipe,Wastewater,Wastewater,Waste_Main_Pipe_326,Wastewater pump,0,0,0,0,5000,0,1013,,,,,2,3
5255,Circular,3072,9622,9233,3098.099788,Waste_Main_Pipe,Wastewater,Wastewater,Waste_Main_Pipe_327,Wastewater pipe,10,0,0,0,5000,0,1013,,,,,2,3
5256,Circular,3073,9622,9238,2831.997128,Waste_Main_Pipe,Wastewater,Wastewater,Waste_Main_Pipe_328,Wastewater pipe,10,0,0,0,5000,0,1013,,,,,2,3
5257,Circular,3074,9236,9623,3288.761682,Waste_Main_Pipe,Wastewater,Wastewater,Waste_Main_Pipe_329,Wastewater pump,0,0,0,0,5000,0,1032,,,,,2,3
5258,Circular,3075,9237,9624,5651.251372,Waste_Main_Pipe,Wastewater,Wastewater,Waste_Main_Pipe_330,Wastewater pump,0,0,0,0,5000,0,1013,,,,,2,3
5259,Circular,3076,9624,9241,3464.228497,Waste_Main_Pipe,Wastewater,Wastewater,Waste_Main_Pipe_331,Wastewater pipe,10,0,0,0,5000,0,1013,,,,,2,3
5260,Circular,3077,9625,9242,2910.38264,Waste_Main_Pipe,Wastewater,Wastewater,Waste_Main_Pipe_332,Wastewater pipe,10,0,0,0,5000,0,1013,,,,,2,3
5261,Circular,3078,9625,9246,2781.417897,Waste_Main_Pipe,Wastewater,Wastewater,Waste_Main_Pipe_333,Wastewater pipe,10,0,0,0,5000,0,1013,,,,,2,3
5262,Circular,3079,9626,9239,5940.180435,Waste_Main_Pipe,Wastewater,Wastewater,Waste_Main_Pipe_334,Wastewater pipe,10,0,0,0,5000,0,1013,,,,,2,3
5263,Circular,3080,9267,9627,3511.578149,Waste_Main_Pipe,Wastewater,Wastewater,Waste_Main_Pipe_335,Wastewater pump,0,0,0,0,5000,0,1012,,,,,2,3
5264,Circular,3081,9627,9240,4756.03045,Waste_Main_Pipe,Wastewater,Wastewater,Waste_Main_Pipe_336,Wastewater pipe,10,0,0,0,5000,0,1012,,,,,2,3
5265,Circular,3082,9627,9273,4695.11781,Waste_Main_Pipe,Wastewater,Wastewater,Waste_Main_Pipe_337,Wastewater pipe,10,0,0,0,5000,0,1012,,,,,2,3
5266,Circular,3083,9629,9244,2553.23066,Waste_Main_Pipe,Wastewater,Wastewater,Waste_Main_Pipe_338,Wastewater pipe,10,0,0,0,5000,0,1017,,,,,2,3
5267,Circular,3084,9243,9629,5446.741607,Waste_Main_Pipe,Wastewater,Wastewater,Waste_Main_Pipe_339,Wastewater pump,0,0,0,0,5000,0,1017,,,,,2,3
5268,Circular,3085,9245,9628,10363.18142,Waste_Main_Pipe,Wastewater,Wastewater,Waste_Main_Pipe_340,Wastewater pump,0,0,0,0,5000,0,1039,,,,,2,3
5269,Circular,3086,9631,9247,3577.794246,Waste_Main_Pipe,Wastewater,Wastewater,Waste_Main_Pipe_341,Wastewater pipe,10,0,0,0,5000,0,1039,,,,,2,3
5270,Circular,3087,9630,9252,3840.072833,Waste_Main_Pipe,Wastewater,Wastewater,Waste_Main_Pipe_342,Wastewater pipe,10,0,0,0,5000,0,1038,,,,,2,3
5271,Circular,3088,9630,9265,4047.602709,Waste_Main_Pipe,Wastewater,Wastewater,Waste_Main_Pipe_343,Wastewater pipe,10,0,0,0,5000,0,1038,,,,,2,3
5272,Circular,3089,9631,9251,4322.407027,Waste_Main_Pipe,Wastewater,Wastewater,Waste_Main_Pipe_344,Wastewater pipe,10,0,0,0,5000,0,1039,,,,,2,3
5273,Circular,3090,9248,9632,3306.640526,Waste_Main_Pipe,Wastewater,Wastewater,Waste_Main_Pipe_345,Wastewater pump,0,0,0,0,5000,0,1039,,,,,2,3
5274,Circular,3091,9632,9250,4808.952177,Waste_Main_Pipe,Wastewater,Wastewater,Waste_Main_Pipe_346,Wastewater pipe,10,0,0,0,5000,0,1039,,,,,2,3
5275,Circular,3092,9249,9633,4447.194759,Waste_Main_Pipe,Wastewater,Wastewater,Waste_Main_Pipe_347,Wastewater pump,0,0,0,0,5000,0,1039,,,,,2,3
5276,Circular,3093,9639,9256,4104.804543,Waste_Main_Pipe,Wastewater,Wastewater,Waste_Main_Pipe_348,Wastewater pipe,10,0,0,0,5000,0,1039,,,,,2,3
5277,Circular,3094,9253,9637,4651.648755,Waste_Main_Pipe,Wastewater,Wastewater,Waste_Main_Pipe_349,Wastewater pump,0,0,0,0,5000,0,1038,,,,,2,3
5278,Circular,3095,9254,9638,3028.266425,Waste_Main_Pipe,Wastewater,Wastewater,Waste_Main_Pipe_350,Wastewater pump,0,0,0,0,5000,0,1038,,,,,2,3
5279,Circular,3096,9637,9264,3916.712002,Waste_Main_Pipe,Wastewater,Wastewater,Waste_Main_Pipe_351,Wastewater pipe,10,0,0,0,5000,0,1038,,,,,2,3
5280,Circular,3097,9638,9257,4589.129441,Waste_Main_Pipe,Wastewater,Wastewater,Waste_Main_Pipe_352,Wastewater pipe,10,0,0,0,5000,0,1039,,,,,2,3
5281,Circular,3098,9634,9258,3624.773723,Waste_Main_Pipe,Wastewater,Wastewater,Waste_Main_Pipe_353,Wastewater pipe,10,0,0,0,5000,0,1039,,,,,2,3
5282,Circular,3099,9255,9636,3974.310947,Waste_Main_Pipe,Wastewater,Wastewater,Waste_Main_Pipe_354,Wastewater pump,0,0,0,0,5000,0,1039,,,,,2,3
5283,Circular,3100,9640,9260,4362.322943,Waste_Main_Pipe,Wastewater,Wastewater,Waste_Main_Pipe_355,Wastewater pipe,10,0,0,0,5000,0,1016,,,,,2,3
5284,Circular,3101,9635,9259,5017.424293,Waste_Main_Pipe,Wastewater,Wastewater,Waste_Main_Pipe_356,Wastewater pipe,10,0,0,0,5000,0,1018,,,,,2,3
5285,Circular,3102,9596,9200,2618.117011,Waste_Main_Pipe,Wastewater,Wastewater,Waste_Main_Pipe_357,Wastewater pipe,10,0,0,0,5000,0,1019,,,,,2,3
5286,Circular,3103,9597,9199,3539.29586,Waste_Main_Pipe,Wastewater,Wastewater,Waste_Main_Pipe_358,Wastewater pipe,10,0,0,0,5000,0,1019,,,,,2,3
5287,Circular,3104,9641,9576,23080.50217,Waste_Main_Pipe,Wastewater,Wastewater,Waste_Main_Pipe_359,Wastewater pipe,10,0,0,0,5000,0,1076,,,,,2,3
5288,Circular,3105,9641,9642,13571.0675,Waste_Main_Pipe,Wastewater,Wastewater,Waste_Main_Pipe_360,Wastewater pump,0,0,0,0,5000,0,1076,,,,,2,3
5289,Circular,3106,9642,9643,10488.62535,Waste_Main_Pipe,Wastewater,Wastewater,Waste_Main_Pipe_361,Wastewater pump,0,0,0,0,5000,0,1076,,,,,2,3
5290,Circular,3107,9643,9310,3691.377955,Waste_Main_Pipe,Wastewater,Wastewater,Waste_Main_Pipe_362,Wastewater pipe,10,0,0,0,5000,0,1076,,,,,2,3
5291,Circular,3108,9643,9309,4530.818165,Waste_Main_Pipe,Wastewater,Wastewater,Waste_Main_Pipe_363,Wastewater pipe,10,0,0,0,5000,0,1076,,,,,2,3
5292,Circular,3109,9642,9308,1808.310168,Waste_Main_Pipe,Wastewater,Wastewater,Waste_Main_Pipe_364,Wastewater pipe,10,0,0,0,5000,0,1076,,,,,2,3
5293,Circular,3110,9307,9642,4317.385088,Waste_Main_Pipe,Wastewater,Wastewater,Waste_Main_Pipe_365,Wastewater pump,0,0,0,0,5000,0,1076,,,,,2,3
5832,Circular,2540,9244,9244,2553.23066,Waste_to_CF,Wastewater,Wastewater,Waste_to_CF_63,Wastewater pipe,10,0,0,0,200,0,1017,,,,,1,2
7071,Circular,4557,9592,9211,2155.857035,Waste_Main_Pipe,Wastewater,Wastewater,Waste_Main_Pipe_247,Wastewater pipe,10,0,0,0,5000,0,1019,,,,,2,3
7072,Circular,4558,9593,9278,5464.343089,Waste_Main_Pipe,Wastewater,Wastewater,Waste_Main_Pipe_248,Wastewater pipe,10,0,0,0,5000,0,1019,,,,,2,3
7073,Circular,4559,9194,9594,3007.798685,Waste_Main_Pipe,Wastewater,Wastewater,Waste_Main_Pipe_249,Wastewater pipe,10,0,0,0,5000,0,1019,,,,,2,3
7074,Circular,4560,9594,9195,5542.375024,Waste_Main_Pipe,Wastewater,Wastewater,Waste_Main_Pipe_250,Wastewater pipe,10,0,0,0,5000,0,1019,,,,,2,3
7075,Circular,4561,9595,9196,2772.334162,Waste_Main_Pipe,Wastewater,Wastewater,Waste_Main_Pipe_251,Wastewater pipe,10,0,0,0,5000,0,1020,,,,,2,3
7076,Circular,4562,9197,9600,6731.0818,Waste_Main_Pipe,Wastewater,Wastewater,Waste_Main_Pipe_252,Wastewater pipe,10,0,0,0,5000,0,1020,,,,,2,3
7077,Circular,4563,9600,9215,3472.526593,Waste_Main_Pipe,Wastewater,Wastewater,Waste_Main_Pipe_253,Wastewater pipe,10,0,0,0,5000,0,1020,,,,,2,3
7078,Circular,4564,9214,9599,4011.994304,Waste_Main_Pipe,Wastewater,Wastewater,Waste_Main_Pipe_254,Wastewater pipe,10,0,0,0,5000,0,1020,,,,,2,3
7079,Circular,4565,9222,9601,3323.171518,Waste_Main_Pipe,Wastewater,Wastewater,Waste_Main_Pipe_255,Wastewater pump,0,0,0,0,5000,0,1020,,,,,2,3
7080,Circular,4566,9598,9212,3600.229918,Waste_Main_Pipe,Wastewater,Wastewater,Waste_Main_Pipe_256,Wastewater pipe,10,0,0,0,5000,0,1019,,,,,2,3
7081,Circular,4567,9598,9217,9370.672168,Waste_Main_Pipe,Wastewater,Wastewater,Waste_Main_Pipe_257,Wastewater pipe,10,0,0,0,5000,0,1019,,,,,2,3
7082,Circular,4568,9213,9602,4543.088519,Waste_Main_Pipe,Wastewater,Wastewater,Waste_Main_Pipe_258,Wastewater pump,0,0,0,0,5000,0,1018,,,,,2,3
7083,Circular,4569,9602,9220,4166.498241,Waste_Main_Pipe,Wastewater,Wastewater,Waste_Main_Pipe_259,Wastewater pipe,10,0,0,0,5000,0,1018,,,,,2,3
7084,Circular,4570,9603,9219,2899.983712,Waste_Main_Pipe,Wastewater,Wastewater,Waste_Main_Pipe_260,Wastewater pipe,10,0,0,0,5000,0,1018,,,,,2,3
7085,Circular,4571,9604,9221,3164.216805,Waste_Main_Pipe,Wastewater,Wastewater,Waste_Main_Pipe_261,Wastewater pipe,10,0,0,0,5000,0,1012,,,,,2,3
7086,Circular,4572,9210,9598,3720.170313,Waste_Main_Pipe,Wastewater,Wastewater,Waste_Main_Pipe_262,Wastewater pump,0,0,0,0,5000,0,1019,,,,,2,3
7087,Circular,4573,9602,9606,13781.36414,Waste_Main_Pipe,Wastewater,Wastewater,Waste_Main_Pipe_263,Wastewater pipe,10,0,0,0,5000,0,1018,,,,,2,3
7088,Circular,4574,9606,9607,11286.75235,Waste_Main_Pipe,Wastewater,Wastewater,Waste_Main_Pipe_264,Wastewater pipe,10,0,0,0,5000,0,1016,,,,,2,3
7089,Circular,4575,9606,9261,2749.462932,Waste_Main_Pipe,Wastewater,Wastewater,Waste_Main_Pipe_265,Wastewater pipe,10,0,0,0,5000,0,1018,,,,,2,3
7090,Circular,4576,9218,9606,2961.878994,Waste_Main_Pipe,Wastewater,Wastewater,Waste_Main_Pipe_266,Wastewater pipe,10,0,0,0,5000,0,1018,,,,,2,3
7091,Circular,4577,9262,9607,3247.735402,Waste_Main_Pipe,Wastewater,Wastewater,Waste_Main_Pipe_267,Wastewater pump,0,0,0,0,5000,0,1016,,,,,2,3
7092,Circular,4578,9607,9263,8840.912514,Waste_Main_Pipe,Wastewater,Wastewater,Waste_Main_Pipe_268,Wastewater pipe,10,0,0,0,5000,0,1016,,,,,2,3
7093,Circular,4579,9603,9605,15256.38638,Waste_Main_Pipe,Wastewater,Wastewater,Waste_Main_Pipe_269,Wastewater pipe,10,0,0,0,5000,0,1018,,,,,2,3
7094,Circular,4580,9270,9605,6914.079499,Waste_Main_Pipe,Wastewater,Wastewater,Waste_Main_Pipe_270,Wastewater pipe,10,0,0,0,5000,0,1018,,,,,2,3
7095,Circular,4581,9605,9269,6921.631346,Waste_Main_Pipe,Wastewater,Wastewater,Waste_Main_Pipe_271,Wastewater pipe,10,0,0,0,5000,0,1012,,,,,2,3
7096,Circular,4582,9614,9003,12659.75612,Waste_Main_Pipe,Wastewater,Wastewater,Waste_Main_Pipe_272,Wastewater pipe,10,0,0,0,5000,0,1003,,,,,2,3
7097,Circular,4583,9608,9003,8785.61286,Waste_Main_Pipe,Wastewater,Wastewater,Waste_Main_Pipe_273,Wastewater pipe,10,0,0,0,5000,0,1003,,,,,2,3
7098,Circular,4584,9611,9003,12526.08556,Waste_Main_Pipe,Wastewater,Wastewater,Waste_Main_Pipe_274,Wastewater pipe,10,0,0,0,5000,0,1003,,,,,2,3
7099,Circular,4585,9609,9608,13820.88422,Waste_Main_Pipe,Wastewater,Wastewater,Waste_Main_Pipe_275,Wastewater pipe,10,0,0,0,5000,0,1003,,,,,2,3
7100,Circular,4586,9610,9609,13135.34254,Waste_Main_Pipe,Wastewater,Wastewater,Waste_Main_Pipe_276,Wastewater pipe,10,0,0,0,5000,0,1003,,,,,2,3
7101,Circular,4587,9612,9611,13645.62302,Waste_Main_Pipe,Wastewater,Wastewater,Waste_Main_Pipe_277,Wastewater pipe,10,0,0,0,5000,0,1012,,,,,2,3
7102,Circular,4588,9613,9612,16350.06573,Waste_Main_Pipe,Wastewater,Wastewater,Waste_Main_Pipe_278,Wastewater pipe,10,0,0,0,5000,0,1012,,,,,2,3
7103,Circular,4589,9614,9615,13551.7851,Waste_Main_Pipe,Wastewater,Wastewater,Waste_Main_Pipe_279,Wastewater pipe,10,0,0,0,5000,0,1000,,,,,2,3
7104,Circular,4590,9615,9617,11458.05292,Waste_Main_Pipe,Wastewater,Wastewater,Waste_Main_Pipe_280,Wastewater pipe,10,0,0,0,5000,0,1000,,,,,2,3
7105,Circular,4410,9546,9547,2049.308821,Waste_Main_Pipe,Wastewater,Wastewater,Waste_Main_Pipe_100,Wastewater pipe,10,0,0,0,5000,0,1062,,,,,2,3
7106,Circular,4411,9545,9548,2547.827064,Waste_Main_Pipe,Wastewater,Wastewater,Waste_Main_Pipe_101,Wastewater pipe,10,0,0,0,5000,0,1027,,,,,2,3
7107,Circular,4412,9545,9549,3082.437685,Waste_Main_Pipe,Wastewater,Wastewater,Waste_Main_Pipe_102,Wastewater pipe,10,0,0,0,5000,0,1027,,,,,2,3
7108,Circular,4413,9546,9550,1923.327478,Waste_Main_Pipe,Wastewater,Wastewater,Waste_Main_Pipe_103,Wastewater pipe,10,0,0,0,5000,0,1062,,,,,2,3
7109,Circular,4414,9549,9170,702.5646368,Waste_Main_Pipe,Wastewater,Wastewater,Waste_Main_Pipe_104,Wastewater pipe,10,0,0,0,5000,0,1029,,,,,2,3
7110,Circular,4415,9548,9169,1031.488444,Waste_Main_Pipe,Wastewater,Wastewater,Waste_Main_Pipe_105,Wastewater pipe,10,0,0,0,5000,0,1027,,,,,2,3
7111,Circular,4416,9545,9174,1192.806533,Waste_Main_Pipe,Wastewater,Wastewater,Waste_Main_Pipe_106,Wastewater pipe,10,0,0,0,5000,0,1027,,,,,2,3
7112,Circular,4417,9547,9175,1455.841964,Waste_Main_Pipe,Wastewater,Wastewater,Waste_Main_Pipe_107,Wastewater pipe,10,0,0,0,5000,0,1062,,,,,2,3
7113,Circular,4418,9546,9171,1210.621336,Waste_Main_Pipe,Wastewater,Wastewater,Waste_Main_Pipe_108,Wastewater pipe,10,0,0,0,5000,0,1062,,,,,2,3
7114,Circular,4419,9550,9178,615.2025996,Waste_Main_Pipe,Wastewater,Wastewater,Waste_Main_Pipe_109,Wastewater pipe,10,0,0,0,5000,0,1062,,,,,2,3
7115,Circular,4420,9172,9550,794.9357169,Waste_Main_Pipe,Wastewater,Wastewater,Waste_Main_Pipe_110,Wastewater pump,0,0,0,0,5000,0,1062,,,,,2,3
7116,Circular,4421,9173,9544,1313.13467,Waste_Main_Pipe,Wastewater,Wastewater,Waste_Main_Pipe_111,Wastewater pipe,10,0,0,0,5000,0,1031,,,,,2,3
7117,Circular,4422,9167,9545,987.4500347,Waste_Main_Pipe,Wastewater,Wastewater,Waste_Main_Pipe_112,Wastewater pump,0,0,0,0,5000,0,1031,,,,,2,3
7118,Circular,4423,9168,9545,1503.830607,Waste_Main_Pipe,Wastewater,Wastewater,Waste_Main_Pipe_113,Wastewater pipe,10,0,0,0,5000,0,1031,,,,,2,3
7119,Circular,4424,9542,9176,1741.304369,Waste_Main_Pipe,Wastewater,Wastewater,Waste_Main_Pipe_114,Wastewater pipe,10,0,0,0,5000,0,1068,,,,,2,3
7120,Circular,4425,9543,9177,2042.620345,Waste_Main_Pipe,Wastewater,Wastewater,Waste_Main_Pipe_115,Wastewater pipe,10,0,0,0,5000,0,1069,,,,,2,3
7121,Circular,4426,9541,9149,1544.292671,Waste_Main_Pipe,Wastewater,Wastewater,Waste_Main_Pipe_116,Wastewater pipe,10,0,0,0,5000,0,1069,,,,,2,3
7122,Circular,4427,9184,9538,2139.385302,Waste_Main_Pipe,Wastewater,Wastewater,Waste_Main_Pipe_117,Wastewater pipe,10,0,0,0,5000,0,1056,,,,,2,3
7123,Circular,4428,9538,9165,2162.529885,Waste_Main_Pipe,Wastewater,Wastewater,Waste_Main_Pipe_118,Wastewater pipe,10,0,0,0,5000,0,1056,,,,,2,3
7124,Circular,4429,9539,9166,2204.063451,Waste_Main_Pipe,Wastewater,Wastewater,Waste_Main_Pipe_119,Wastewater pipe,10,0,0,0,5000,0,1034,,,,,2,3
7125,Circular,4430,9540,9148,1578.049622,Waste_Main_Pipe,Wastewater,Wastewater,Waste_Main_Pipe_120,Wastewater pipe,10,0,0,0,5000,0,1063,,,,,2,3
7126,Circular,4431,9147,9540,2824.510678,Waste_Main_Pipe,Wastewater,Wastewater,Waste_Main_Pipe_121,Wastewater pump,0,0,0,0,5000,0,1024,,,,,2,3
7127,Circular,4432,9505,9556,20576.86711,Waste_Main_Pipe,Wastewater,Wastewater,Waste_Main_Pipe_122,Wastewater pipe,10,0,0,0,5000,0,1064,,,,,2,3
7128,Circular,4433,9556,9557,15993.63724,Waste_Main_Pipe,Wastewater,Wastewater,Waste_Main_Pipe_123,Wastewater pipe,10,0,0,0,5000,0,1045,,,,,2,3
7129,Circular,4434,9557,9558,13237.44105,Waste_Main_Pipe,Wastewater,Wastewater,Waste_Main_Pipe_124,Wastewater pipe,10,0,0,0,5000,0,1045,,,,,2,3
7130,Circular,4435,9558,9560,10323.15789,Waste_Main_Pipe,Wastewater,Wastewater,Waste_Main_Pipe_125,Wastewater pipe,10,0,0,0,5000,0,1045,,,,,2,3
7131,Circular,4466,9312,9553,7312.998027,Waste_Main_Pipe,Wastewater,Wastewater,Waste_Main_Pipe_156,Wastewater pump,0,0,0,0,5000,0,1046,,,,,2,3
7132,Circular,4467,9538,9564,11819.11667,Waste_Main_Pipe,Wastewater,Wastewater,Waste_Main_Pipe_157,Wastewater pipe,10,0,0,0,5000,0,1067,,,,,2,3
7133,Circular,4468,9564,9565,7405.978077,Waste_Main_Pipe,Wastewater,Wastewater,Waste_Main_Pipe_158,Wastewater pipe,10,0,0,0,5000,0,1071,,,,,2,3
7134,Circular,4469,9565,9569,17230.28386,Waste_Main_Pipe,Wastewater,Wastewater,Waste_Main_Pipe_159,Wastewater pipe,10,0,0,0,5000,0,1055,,,,,2,3
7135,Circular,4470,9565,9566,17315.15251,Waste_Main_Pipe,Wastewater,Wastewater,Waste_Main_Pipe_160,Wastewater pipe,10,0,0,0,5000,0,1055,,,,,2,3
7136,Circular,4471,9566,9567,11720.24436,Waste_Main_Pipe,Wastewater,Wastewater,Waste_Main_Pipe_161,Wastewater pipe,10,0,0,0,5000,0,1072,,,,,2,3
7137,Circular,4472,9566,9568,12274.18639,Waste_Main_Pipe,Wastewater,Wastewater,Waste_Main_Pipe_162,Wastewater pipe,10,0,0,0,5000,0,1072,,,,,2,3
7138,Circular,4473,9570,9569,10804.98982,Waste_Main_Pipe,Wastewater,Wastewater,Waste_Main_Pipe_163,Wastewater pipe,10,0,0,0,5000,0,1053,,,,,2,3
7139,Circular,4474,9565,9181,3869.573078,Waste_Main_Pipe,Wastewater,Wastewater,Waste_Main_Pipe_164,Wastewater pipe,10,0,0,0,5000,0,1071,,,,,2,3
7140,Circular,4475,9182,9565,3639.128672,Waste_Main_Pipe,Wastewater,Wastewater,Waste_Main_Pipe_165,Wastewater pump,0,0,0,0,5000,0,1070,,,,,2,3
7141,Circular,4476,9183,9565,3814.853189,Waste_Main_Pipe,Wastewater,Wastewater,Waste_Main_Pipe_166,Wastewater pipe,10,0,0,0,5000,0,1070,,,,,2,3
7142,Circular,4477,9570,9205,4099.254052,Waste_Main_Pipe,Wastewater,Wastewater,Waste_Main_Pipe_167,Wastewater pipe,10,0,0,0,5000,0,1053,,,,,2,3
7143,Circular,4478,9569,9204,9139.152542,Waste_Main_Pipe,Wastewater,Wastewater,Waste_Main_Pipe_168,Wastewater pipe,10,0,0,0,5000,0,1054,,,,,2,3
7144,Circular,4479,9570,9320,12429.29379,Waste_Main_Pipe,Wastewater,Wastewater,Waste_Main_Pipe_169,Wastewater pipe,10,0,0,0,5000,0,1053,,,,,2,3
7145,Circular,4480,9193,9566,3810.973267,Waste_Main_Pipe,Wastewater,Wastewater,Waste_Main_Pipe_170,Wastewater pump,0,0,0,0,5000,0,1055,,,,,2,3
7146,Circular,4481,9566,9192,3702.378534,Waste_Main_Pipe,Wastewater,Wastewater,Waste_Main_Pipe_171,Wastewater pipe,10,0,0,0,5000,0,1072,,,,,2,3
7147,Circular,4482,9568,9276,3919.328846,Waste_Main_Pipe,Wastewater,Wastewater,Waste_Main_Pipe_172,Wastewater pipe,10,0,0,0,5000,0,1072,,,,,2,3
7148,Circular,4483,9567,9191,4693.244045,Waste_Main_Pipe,Wastewater,Wastewater,Waste_Main_Pipe_173,Wastewater pipe,10,0,0,0,5000,0,1072,,,,,2,3
7149,Circular,4484,9318,9567,10609.14981,Waste_Main_Pipe,Wastewater,Wastewater,Waste_Main_Pipe_174,Wastewater pump,0,0,0,0,5000,0,1023,,,,,2,3
7150,Circular,4485,9541,9572,8649.673477,Waste_Main_Pipe,Wastewater,Wastewater,Waste_Main_Pipe_175,Wastewater pipe,10,0,0,0,5000,0,1069,,,,,2,3
7151,Circular,4486,9572,9164,2417.232882,Waste_Main_Pipe,Wastewater,Wastewater,Waste_Main_Pipe_176,Wastewater pipe,10,0,0,0,5000,0,1069,,,,,2,3
7152,Circular,4487,9537,9571,12361.26235,Waste_Main_Pipe,Wastewater,Wastewater,Waste_Main_Pipe_177,Wastewater pipe,10,0,0,0,5000,0,1075,,,,,2,3
7153,Circular,4488,9180,9571,3755.387212,Waste_Main_Pipe,Wastewater,Wastewater,Waste_Main_Pipe_178,Wastewater pump,0,0,0,0,5000,0,1075,,,,,2,3
7154,Circular,4489,9571,9179,3895.84547,Waste_Main_Pipe,Wastewater,Wastewater,Waste_Main_Pipe_179,Wastewater pipe,10,0,0,0,5000,0,1075,,,,,2,3
7155,Circular,4490,9571,9163,4006.769028,Waste_Main_Pipe,Wastewater,Wastewater,Waste_Main_Pipe_180,Wastewater pipe,10,0,0,0,5000,0,1075,,,,,2,3
7156,Circular,4491,9573,9002,11821.83079,Waste_Main_Pipe,Wastewater,Wastewater,Waste_Main_Pipe_181,Wastewater pipe,10,0,0,0,5000,0,1003,,,,,2,3
7157,Circular,4492,9574,9573,18318.41624,Waste_Main_Pipe,Wastewater,Wastewater,Waste_Main_Pipe_182,Wastewater pipe,10,0,0,0,5000,0,1011,,,,,2,3
7158,Circular,4493,9574,9575,14032.14356,Waste_Main_Pipe,Wastewater,Wastewater,Waste_Main_Pipe_183,Wastewater pipe,10,0,0,0,5000,0,1011,,,,,2,3
7159,Circular,4494,9576,9574,14211.79099,Waste_Main_Pipe,Wastewater,Wastewater,Waste_Main_Pipe_184,Wastewater pipe,10,0,0,0,5000,0,1011,,,,,2,3
7160,Circular,4495,9577,9576,10778.34531,Waste_Main_Pipe,Wastewater,Wastewater,Waste_Main_Pipe_185,Wastewater pipe,10,0,0,0,5000,0,1009,,,,,2,3
7161,Circular,4496,9577,9578,14426.68227,Waste_Main_Pipe,Wastewater,Wastewater,Waste_Main_Pipe_186,Wastewater pipe,10,0,0,0,5000,0,1009,,,,,2,3
7162,Circular,4497,9156,9578,3120.572236,Waste_Main_Pipe,Wastewater,Wastewater,Waste_Main_Pipe_187,Wastewater pump,0,0,0,0,5000,0,1009,,,,,2,3
7163,Circular,4498,9157,9575,4864.969833,Waste_Main_Pipe,Wastewater,Wastewater,Waste_Main_Pipe_188,Wastewater pump,0,0,0,0,5000,0,1009,,,,,2,3
7164,Circular,4499,9158,9577,5658.318948,Waste_Main_Pipe,Wastewater,Wastewater,Waste_Main_Pipe_189,Wastewater pump,0,0,0,0,5000,0,1009,,,,,2,3
7165,Circular,4500,9577,9159,4536.320493,Waste_Main_Pipe,Wastewater,Wastewater,Waste_Main_Pipe_190,Wastewater pipe,10,0,0,0,5000,0,1009,,,,,2,3
7166,Circular,4501,9306,9576,5773.012459,Waste_Main_Pipe,Wastewater,Wastewater,Waste_Main_Pipe_191,Wastewater pump,0,0,0,0,5000,0,1009,,,,,2,3
